#
# There is insufficient memory for the Java Runtime Environment to continue.
# Native memory allocation (malloc) failed to allocate 1602096 bytes for Chunk::new
# Possible reasons:
#   The system is out of physical RAM or swap space
#   The process is running with CompressedOops enabled, and the Java Heap may be blocking the growth of the native heap
# Possible solutions:
#   Reduce memory load on the system
#   Increase physical memory or swap space
#   Check if swap backing store is full
#   Decrease Java heap size (-Xmx/-Xms)
#   Decrease number of Java threads
#   Decrease Java thread stack sizes (-Xss)
#   Set larger code cache with -XX:ReservedCodeCacheSize=
#   JVM is running with Unscaled Compressed Oops mode in which the Java heap is
#     placed in the first 4GB address space. The Java Heap base address is the
#     maximum limit for the native heap growth. Please use -XX:HeapBaseMinAddress
#     to set the Java Heap base and to place the Java Heap above 4GB virtual address.
# This output file may be truncated or incomplete.
#
#  Out of Memory Error (arena.cpp:184), pid=8568, tid=7560
#
# JRE version: OpenJDK Runtime Environment (20.0.2+9) (build 20.0.2+9-78)
# Java VM: OpenJDK 64-Bit Server VM (20.0.2+9-78, mixed mode, sharing, tiered, compressed oops, compressed class ptrs, g1 gc, windows-amd64)
# No core dump will be written. Minidumps are not enabled by default on client versions of Windows
#

---------------  S U M M A R Y ------------

Command Line: --add-opens=java.base/java.lang=ALL-UNNAMED --add-opens=java.base/java.lang.invoke=ALL-UNNAMED --add-opens=java.base/java.util=ALL-UNNAMED --add-opens=java.prefs/java.util.prefs=ALL-UNNAMED --add-exports=jdk.compiler/com.sun.tools.javac.api=ALL-UNNAMED --add-exports=jdk.compiler/com.sun.tools.javac.util=ALL-UNNAMED --add-opens=java.base/java.util=ALL-UNNAMED --add-opens=java.prefs/java.util.prefs=ALL-UNNAMED --add-opens=java.base/java.nio.charset=ALL-UNNAMED --add-opens=java.base/java.net=ALL-UNNAMED --add-opens=java.base/java.util.concurrent.atomic=ALL-UNNAMED --add-opens=java.xml/javax.xml.namespace=ALL-UNNAMED -Xmx1024m -Dfile.encoding=UTF-8 -Duser.country=CN -Duser.language=zh -Duser.variant -javaagent:C:\Users\admin\.gradle\wrapper\dists\gradle-8.14.3-bin\cv11ve7ro1n3o1j4so8xd9n66\gradle-8.14.3\lib\agents\gradle-instrumentation-agent-8.14.3.jar org.gradle.launcher.daemon.bootstrap.GradleDaemon 8.14.3

Host: 12th Gen Intel(R) Core(TM) i5-12400, 6 cores, 7G,  Windows 11 , 64 bit Build 26100 (10.0.26100.8246)
Time: Sun Apr 26 18:57:55 2026  Windows 11 , 64 bit Build 26100 (10.0.26100.8246) elapsed time: 106.925025 seconds (0d 0h 1m 46s)

---------------  T H R E A D  ---------------

Current thread (0x000000001de9d980):  JavaThread "C2 CompilerThread0" daemon [_thread_in_native, id=7560, stack(0x0000000063800000,0x0000000063900000)]


Current CompileTask:
C2: 106925 35137       4       com.sun.org.apache.xerces.internal.impl.XMLNSDocumentScannerImpl::scanStartElement (1031 bytes)

Stack: [0x0000000063800000,0x0000000063900000]
Native frames: (J=compiled Java code, j=interpreted, Vv=VM code, C=native code)
V  [jvm.dll+0x6bc25a]
V  [jvm.dll+0x84971a]
V  [jvm.dll+0x84b315]
V  [jvm.dll+0x84ba13]
V  [jvm.dll+0x280e4f]
V  [jvm.dll+0xc2ab1]
V  [jvm.dll+0xc2dd5]
V  [jvm.dll+0x2f611f]
V  [jvm.dll+0x5e3b0b]
V  [jvm.dll+0x254684]
V  [jvm.dll+0x254a4f]
V  [jvm.dll+0x24d23d]
V  [jvm.dll+0x24a819]
V  [jvm.dll+0x1ce761]
V  [jvm.dll+0x25a0eb]
V  [jvm.dll+0x2587c0]
V  [jvm.dll+0x3f2dd5]
V  [jvm.dll+0x7f5c76]
V  [jvm.dll+0x6baecb]
C  [ucrtbase.dll+0x37b0]
C  [KERNEL32.DLL+0x2e8d7]
C  [ntdll.dll+0x8c3fc]


---------------  P R O C E S S  ---------------

Threads class SMR info:
_java_thread_list=0x000000006b5dba70, length=69, elements={
0x0000000002b9cbf0, 0x000000001de67510, 0x000000001de67f50, 0x000000001de76950,
0x000000001de98660, 0x000000001de99140, 0x000000001de9a3c0, 0x000000001de9d980,
0x000000001dea1700, 0x000000001de38ac0, 0x0000000063c6dae0, 0x00000000648fe2d0,
0x0000000065168650, 0x0000000065de29d0, 0x0000000065b13050, 0x0000000065b135a0,
0x0000000065b805f0, 0x0000000065b82b20, 0x0000000065b825d0, 0x0000000065b81090,
0x0000000065b83070, 0x0000000065b800a0, 0x0000000065b835c0, 0x0000000065b80b40,
0x0000000068c21050, 0x0000000068c215a0, 0x0000000068c22ae0, 0x0000000068c20060,
0x0000000068c205b0, 0x0000000069568560, 0x0000000069569aa0, 0x0000000069567020,
0x0000000069567570, 0x0000000069568010, 0x0000000069568ab0, 0x0000000069569000,
0x000000006b33cc90, 0x000000006b33c740, 0x000000006b33fc60, 0x000000006b33ec70,
0x000000006b33dc80, 0x000000006b33e720, 0x000000006b33d1e0, 0x000000006b3411a0,
0x000000006b3426e0, 0x000000006b3436d0, 0x000000006b3416f0, 0x000000006b341c40,
0x000000006b342c30, 0x000000006b343180, 0x0000000069569ff0, 0x00000000682f15b0,
0x00000000682f2af0, 0x00000000682f4ad0, 0x00000000682f3ae0, 0x00000000682f1b00,
0x00000000682f3040, 0x00000000682f8a90, 0x00000000682f7aa0, 0x000000006b69dfb0,
0x000000006b342190, 0x0000000072ed0590, 0x0000000065b815e0, 0x0000000072f84050,
0x0000000072f86ad0, 0x000000006879bce0, 0x0000000072f8afe0, 0x0000000072f8b530,
0x0000000072f8ba80
}

Java Threads: ( => current thread )
  0x0000000002b9cbf0 JavaThread "main" [_thread_blocked, id=12248, stack(0x00000000009c0000,0x0000000000ac0000)]
  0x000000001de67510 JavaThread "Reference Handler" daemon [_thread_blocked, id=5124, stack(0x000000001e1d0000,0x000000001e2d0000)]
  0x000000001de67f50 JavaThread "Finalizer" daemon [_thread_blocked, id=9468, stack(0x000000001e2d0000,0x000000001e3d0000)]
  0x000000001de76950 JavaThread "Signal Dispatcher" daemon [_thread_blocked, id=1196, stack(0x0000000063400000,0x0000000063500000)]
  0x000000001de98660 JavaThread "Attach Listener" daemon [_thread_blocked, id=760, stack(0x0000000063500000,0x0000000063600000)]
  0x000000001de99140 JavaThread "Service Thread" daemon [_thread_blocked, id=3248, stack(0x0000000063600000,0x0000000063700000)]
  0x000000001de9a3c0 JavaThread "Monitor Deflation Thread" daemon [_thread_blocked, id=11540, stack(0x0000000063700000,0x0000000063800000)]
=>0x000000001de9d980 JavaThread "C2 CompilerThread0" daemon [_thread_in_native, id=7560, stack(0x0000000063800000,0x0000000063900000)]
  0x000000001dea1700 JavaThread "C1 CompilerThread0" daemon [_thread_blocked, id=11252, stack(0x0000000063900000,0x0000000063a00000)]
  0x000000001de38ac0 JavaThread "Common-Cleaner" daemon [_thread_blocked, id=11616, stack(0x0000000063e00000,0x0000000063f00000)]
  0x0000000063c6dae0 JavaThread "Notification Thread" daemon [_thread_blocked, id=12020, stack(0x0000000063f00000,0x0000000064000000)]
  0x00000000648fe2d0 JavaThread "Daemon health stats" [_thread_blocked, id=6760, stack(0x0000000066da0000,0x0000000066ea0000)]
  0x0000000065168650 JavaThread "Incoming local TCP Connector on port 55254" [_thread_in_native, id=6368, stack(0x00000000671e0000,0x00000000672e0000)]
  0x0000000065de29d0 JavaThread "Daemon periodic checks" [_thread_blocked, id=7604, stack(0x0000000067390000,0x0000000067490000)]
  0x0000000065b13050 JavaThread "Daemon" [_thread_blocked, id=7848, stack(0x0000000067490000,0x0000000067590000)]
  0x0000000065b135a0 JavaThread "Handler for socket connection from /127.0.0.1:55254 to /127.0.0.1:55255" [_thread_in_native, id=6056, stack(0x0000000067690000,0x0000000067790000)]
  0x0000000065b805f0 JavaThread "Cancel handler" [_thread_blocked, id=7268, stack(0x0000000067890000,0x0000000067990000)]
  0x0000000065b82b20 JavaThread "Daemon worker" [_thread_blocked, id=10192, stack(0x0000000067990000,0x0000000067a90000)]
  0x0000000065b825d0 JavaThread "Asynchronous log dispatcher for DefaultDaemonConnection: socket connection from /127.0.0.1:55254 to /127.0.0.1:55255" [_thread_blocked, id=9272, stack(0x0000000067a90000,0x0000000067b90000)]
  0x0000000065b81090 JavaThread "Stdin handler" [_thread_blocked, id=8264, stack(0x0000000067b90000,0x0000000067c90000)]
  0x0000000065b83070 JavaThread "Daemon client event forwarder" [_thread_blocked, id=8480, stack(0x0000000067c90000,0x0000000067d90000)]
  0x0000000065b800a0 JavaThread "Cache worker for journal cache (C:\Users\admin\.gradle\caches\journal-1)" [_thread_blocked, id=276, stack(0x0000000067d90000,0x0000000067e90000)]
  0x0000000065b835c0 JavaThread "File lock request listener" [_thread_in_native, id=10504, stack(0x0000000067e90000,0x0000000067f90000)]
  0x0000000065b80b40 JavaThread "Cache worker for file hash cache (C:\Users\admin\.gradle\caches\8.14.3\fileHashes)" [_thread_blocked, id=7912, stack(0x0000000067f90000,0x0000000068090000)]
  0x0000000068c21050 JavaThread "Cache worker for file hash cache (C:\MyWork\tmpcode\tauri2demo\backend\src-tauri\gen\android\.gradle\8.14.3\fileHashes)" [_thread_blocked, id=2248, stack(0x0000000069160000,0x0000000069260000)]
  0x0000000068c215a0 JavaThread "Cache worker for Build Output Cleanup Cache (C:\MyWork\tmpcode\tauri2demo\backend\src-tauri\gen\android\.gradle\buildOutputCleanup)" [_thread_blocked, id=4000, stack(0x0000000069260000,0x0000000069360000)]
  0x0000000068c22ae0 JavaThread "Cache worker for Build Output Cleanup Cache (C:\MyWork\tmpcode\tauri2demo\backend\src-tauri\gen\android\buildSrc\.gradle\buildOutputCleanup)" [_thread_blocked, id=10368, stack(0x0000000069360000,0x0000000069460000)]
  0x0000000068c20060 JavaThread "File watcher server" daemon [_thread_in_native, id=6820, stack(0x000000006a480000,0x000000006a580000)]
  0x0000000068c205b0 JavaThread "File watcher consumer" daemon [_thread_blocked, id=1056, stack(0x000000006a580000,0x000000006a680000)]
  0x0000000069568560 JavaThread "jar transforms" [_thread_blocked, id=9596, stack(0x000000006aa50000,0x000000006ab50000)]
  0x0000000069569aa0 JavaThread "jar transforms Thread 2" [_thread_blocked, id=6276, stack(0x000000006ab50000,0x000000006ac50000)]
  0x0000000069567020 JavaThread "Cache worker for checksums cache (C:\MyWork\tmpcode\tauri2demo\backend\src-tauri\gen\android\.gradle\8.14.3\checksums)" [_thread_blocked, id=7652, stack(0x000000006a680000,0x000000006a780000)]
  0x0000000069567570 JavaThread "Cache worker for file content cache (C:\Users\admin\.gradle\caches\8.14.3\fileContent)" [_thread_blocked, id=10744, stack(0x000000006a780000,0x000000006a880000)]
  0x0000000069568010 JavaThread "jar transforms Thread 3" [_thread_blocked, id=3036, stack(0x000000006a880000,0x000000006a980000)]
  0x0000000069568ab0 JavaThread "jar transforms Thread 4" [_thread_blocked, id=10244, stack(0x000000006ac50000,0x000000006ad50000)]
  0x0000000069569000 JavaThread "Cache worker for cache directory md-supplier (C:\Users\admin\.gradle\caches\8.14.3\md-supplier)" [_thread_blocked, id=6316, stack(0x000000006b1e0000,0x000000006b2e0000)]
  0x000000006b33cc90 JavaThread "Cache worker for cache directory md-rule (C:\Users\admin\.gradle\caches\8.14.3\md-rule)" [_thread_blocked, id=9560, stack(0x000000006ad50000,0x000000006ae50000)]
  0x000000006b33c740 JavaThread "Memory manager" [_thread_blocked, id=10464, stack(0x000000006ae50000,0x000000006af50000)]
  0x000000006b33fc60 JavaThread "Unconstrained build operations" [_thread_blocked, id=7680, stack(0x000000006af50000,0x000000006b050000)]
  0x000000006b33ec70 JavaThread "Unconstrained build operations Thread 2" [_thread_blocked, id=11992, stack(0x000000006b050000,0x000000006b150000)]
  0x000000006b33dc80 JavaThread "Unconstrained build operations Thread 3" [_thread_blocked, id=10808, stack(0x000000006c2b0000,0x000000006c3b0000)]
  0x000000006b33e720 JavaThread "build event listener" [_thread_blocked, id=2612, stack(0x000000006c3b0000,0x000000006c4b0000)]
  0x000000006b33d1e0 JavaThread "included builds" [_thread_blocked, id=7564, stack(0x000000006c4b0000,0x000000006c5b0000)]
  0x000000006b3411a0 JavaThread "Cache worker for execution history cache (C:\MyWork\tmpcode\tauri2demo\backend\src-tauri\gen\android\buildSrc\.gradle\8.14.3\executionHistory)" [_thread_blocked, id=6440, stack(0x000000006c5b0000,0x000000006c6b0000)]
  0x000000006b3426e0 JavaThread "Unconstrained build operations Thread 4" [_thread_blocked, id=6780, stack(0x000000006c6b0000,0x000000006c7b0000)]
  0x000000006b3436d0 JavaThread "Unconstrained build operations Thread 5" [_thread_blocked, id=1916, stack(0x000000006c7b0000,0x000000006c8b0000)]
  0x000000006b3416f0 JavaThread "Unconstrained build operations Thread 6" [_thread_blocked, id=11480, stack(0x000000006c8b0000,0x000000006c9b0000)]
  0x000000006b341c40 JavaThread "Unconstrained build operations Thread 7" [_thread_blocked, id=11724, stack(0x000000006c9b0000,0x000000006cab0000)]
  0x000000006b342c30 JavaThread "WorkerExecutor Queue" [_thread_blocked, id=10696, stack(0x000000006dad0000,0x000000006dbd0000)]
  0x000000006b343180 JavaThread "RMI Scheduler(0)" daemon [_thread_blocked, id=9104, stack(0x0000000064900000,0x0000000064a00000)]
  0x0000000069569ff0 JavaThread "RMI GC Daemon" daemon [_thread_blocked, id=10616, stack(0x0000000071d00000,0x0000000071e00000)]
  0x00000000682f15b0 JavaThread "RMI TCP Accept-0" daemon [_thread_in_native, id=6644, stack(0x0000000071e00000,0x0000000071f00000)]
  0x00000000682f2af0 JavaThread "RMI Reaper" [_thread_blocked, id=11976, stack(0x0000000071f00000,0x0000000072000000)]
  0x00000000682f4ad0 JavaThread "RMI TCP Connection(4)-127.0.0.1" daemon [_thread_in_native, id=5484, stack(0x0000000072000000,0x0000000072100000)]
  0x00000000682f3ae0 JavaThread "Unconstrained build operations Thread 8" [_thread_blocked, id=7504, stack(0x0000000072200000,0x0000000072300000)]
  0x00000000682f1b00 JavaThread "Unconstrained build operations Thread 9" [_thread_blocked, id=8032, stack(0x0000000072300000,0x0000000072400000)]
  0x00000000682f3040 JavaThread "Unconstrained build operations Thread 10" [_thread_blocked, id=11348, stack(0x0000000072400000,0x0000000072500000)]
  0x00000000682f8a90 JavaThread "build event listener" [_thread_blocked, id=10652, stack(0x0000000072100000,0x0000000072200000)]
  0x00000000682f7aa0 JavaThread "Problems report writer" [_thread_blocked, id=11476, stack(0x00000000734d0000,0x00000000735d0000)]
  0x000000006b69dfb0 JavaThread "Cache worker for execution history cache (C:\MyWork\tmpcode\tauri2demo\backend\src-tauri\gen\android\.gradle\8.14.3\executionHistory)" [_thread_blocked, id=8028, stack(0x000000007b5d0000,0x000000007b6d0000)]
  0x000000006b342190 JavaThread "RMI TCP Accept-0" daemon [_thread_in_native, id=11076, stack(0x000000007b6d0000,0x000000007b7d0000)]
  0x0000000072ed0590 JavaThread "Cache worker for Java compile cache (C:\Users\admin\.gradle\caches\8.14.3\javaCompile)" [_thread_blocked, id=6324, stack(0x00000000007c0000,0x00000000008c0000)]
  0x0000000065b815e0 JavaThread "Build operations" [_thread_blocked, id=9524, stack(0x000000007d9c0000,0x000000007dac0000)]
  0x0000000072f84050 JavaThread "RMI TCP Connection(3)-127.0.0.1" daemon [_thread_in_native, id=1116, stack(0x000000007fcb0000,0x000000007fdb0000)]
  0x0000000072f86ad0 JavaThread "RMI TCP Connection(5)-127.0.0.1" daemon [_thread_in_native, id=11388, stack(0x000000007feb0000,0x000000007ffb0000)]
  0x000000006879bce0 JavaThread "C2 CompilerThread1" daemon [_thread_blocked, id=4140, stack(0x00000000006c0000,0x00000000007c0000)]
  0x0000000072f8afe0 JavaThread "pool-3-thread-1" [_thread_blocked, id=9476, stack(0x000000007fbb0000,0x000000007fcb0000)]
  0x0000000072f8b530 JavaThread "stderr" [_thread_in_native, id=3916, stack(0x000000007fdb0000,0x000000007feb0000)]
  0x0000000072f8ba80 JavaThread "stdout" [_thread_in_native, id=9824, stack(0x0000000088000000,0x0000000088100000)]

Other Threads:
  0x000000001de4fbf0 VMThread "VM Thread" [stack: 0x000000001e0d0000,0x000000001e1d0000] [id=6180]
  0x0000000063c6e840 WatcherThread "VM Periodic Task Thread" [stack: 0x0000000064000000,0x0000000064100000] [id=6292]
  0x0000000002be1100 WorkerThread "GC Thread#0" [stack: 0x000000001b360000,0x000000001b460000] [id=1608]
  0x0000000063d391e0 WorkerThread "GC Thread#1" [stack: 0x0000000064a00000,0x0000000064b00000] [id=9164]
  0x0000000063c99c90 WorkerThread "GC Thread#2" [stack: 0x0000000064b00000,0x0000000064c00000] [id=9120]
  0x0000000064d87c80 WorkerThread "GC Thread#3" [stack: 0x0000000065bd0000,0x0000000065cd0000] [id=6036]
  0x0000000064d87410 WorkerThread "GC Thread#4" [stack: 0x0000000065cd0000,0x0000000065dd0000] [id=10560]
  0x0000000065dfd570 WorkerThread "GC Thread#5" [stack: 0x0000000067790000,0x0000000067890000] [id=8708]
  0x0000000002be9f20 ConcurrentGCThread "G1 Main Marker" [stack: 0x000000001b460000,0x000000001b560000] [id=3144]
  0x0000000002bea860 WorkerThread "G1 Conc#0" [stack: 0x000000001b560000,0x000000001b660000] [id=6696]
  0x0000000065dff730 WorkerThread "G1 Conc#1" [stack: 0x0000000069060000,0x0000000069160000] [id=9528]
  0x000000001dcfb500 ConcurrentGCThread "G1 Refine#0" [stack: 0x000000001ded0000,0x000000001dfd0000] [id=11800]
  0x0000000002c4dfe0 ConcurrentGCThread "G1 Service" [stack: 0x000000001dfd0000,0x000000001e0d0000] [id=2284]

Threads with active compile tasks:
C2 CompilerThread0   106943 35137       4       com.sun.org.apache.xerces.internal.impl.XMLNSDocumentScannerImpl::scanStartElement (1031 bytes)

VM state: not at safepoint (normal execution)

VM Mutex/Monitor currently owned by a thread: None

Heap address: 0x00000000c0000000, size: 1024 MB, Compressed Oops mode: 32-bit

CDS archive(s) mapped at: [0x000000001e400000-0x000000001f060000-0x000000001f060000), size 12976128, SharedBaseAddress: 0x000000001e400000, ArchiveRelocationMode: 1.
Compressed class space mapped at: 0x000000001f400000-0x000000005f400000, reserved size: 1073741824
Narrow klass base: 0x000000001e400000, Narrow klass shift: 0, Narrow klass range: 0x100000000

GC Precious Log:
 CardTable entry size: 512
 Card Set container configuration: InlinePtr #cards 5 size 8 Array Of Cards #cards 12 size 40 Howl #buckets 4 coarsen threshold 1843 Howl Bitmap #cards 512 size 80 coarsen threshold 460 Card regions per heap region 1 cards per card region 2048
 CPUs: 6 total, 6 available
 Memory: 8172M
 Large Page Support: Disabled
 NUMA Support: Disabled
 Compressed Oops: Enabled (32-bit)
 Heap Region Size: 1M
 Heap Min Capacity: 8M
 Heap Initial Capacity: 128M
 Heap Max Capacity: 1G
 Pre-touch: Disabled
 Parallel Workers: 6
 Concurrent Workers: 2
 Concurrent Refinement Workers: 6
 Periodic GC: Disabled

Heap:
 garbage-first heap   total 525312K, used 420807K [0x00000000c0000000, 0x0000000100000000)
  region size 1024K, 208 young (212992K), 29 survivors (29696K)
 Metaspace       used 229240K, committed 232576K, reserved 1310720K
  class space    used 29139K, committed 30784K, reserved 1048576K

Heap Regions: E=young(eden), S=young(survivor), O=old, HS=humongous(starts), HC=humongous(continues), CS=collection set, F=free, OA=open archive, CA=closed archive, TAMS=top-at-mark-start, PB=parsable bottom
|   0|0x00000000c0000000, 0x00000000c0100000, 0x00000000c0100000|100%|HS|  |TAMS 0x00000000c0000000| PB 0x00000000c0000000| Complete 
|   1|0x00000000c0100000, 0x00000000c0200000, 0x00000000c0200000|100%|HC|  |TAMS 0x00000000c0100000| PB 0x00000000c0100000| Complete 
|   2|0x00000000c0200000, 0x00000000c0300000, 0x00000000c0300000|100%|HC|  |TAMS 0x00000000c0200000| PB 0x00000000c0200000| Complete 
|   3|0x00000000c0300000, 0x00000000c0400000, 0x00000000c0400000|100%| O|  |TAMS 0x00000000c0300000| PB 0x00000000c0300000| Untracked 
|   4|0x00000000c0400000, 0x00000000c0500000, 0x00000000c0500000|100%| O|  |TAMS 0x00000000c0400000| PB 0x00000000c0400000| Untracked 
|   5|0x00000000c0500000, 0x00000000c0600000, 0x00000000c0600000|100%| O|  |TAMS 0x00000000c0500000| PB 0x00000000c0500000| Untracked 
|   6|0x00000000c0600000, 0x00000000c0700000, 0x00000000c0700000|100%|HS|  |TAMS 0x00000000c0600000| PB 0x00000000c0600000| Complete 
|   7|0x00000000c0700000, 0x00000000c0800000, 0x00000000c0800000|100%| O|  |TAMS 0x00000000c0700000| PB 0x00000000c0700000| Untracked 
|   8|0x00000000c0800000, 0x00000000c0900000, 0x00000000c0900000|100%| O|  |TAMS 0x00000000c0800000| PB 0x00000000c0800000| Untracked 
|   9|0x00000000c0900000, 0x00000000c0a00000, 0x00000000c0a00000|100%| O|  |TAMS 0x00000000c0900000| PB 0x00000000c0900000| Untracked 
|  10|0x00000000c0a00000, 0x00000000c0b00000, 0x00000000c0b00000|100%| O|  |TAMS 0x00000000c0a00000| PB 0x00000000c0a00000| Untracked 
|  11|0x00000000c0b00000, 0x00000000c0c00000, 0x00000000c0c00000|100%| O|  |TAMS 0x00000000c0b00000| PB 0x00000000c0b00000| Untracked 
|  12|0x00000000c0c00000, 0x00000000c0d00000, 0x00000000c0d00000|100%| O|  |TAMS 0x00000000c0c00000| PB 0x00000000c0c00000| Untracked 
|  13|0x00000000c0d00000, 0x00000000c0e00000, 0x00000000c0e00000|100%|HS|  |TAMS 0x00000000c0d00000| PB 0x00000000c0d00000| Complete 
|  14|0x00000000c0e00000, 0x00000000c0f00000, 0x00000000c0f00000|100%| O|  |TAMS 0x00000000c0e00000| PB 0x00000000c0e00000| Untracked 
|  15|0x00000000c0f00000, 0x00000000c1000000, 0x00000000c1000000|100%| O|  |TAMS 0x00000000c0f00000| PB 0x00000000c0f00000| Untracked 
|  16|0x00000000c1000000, 0x00000000c1100000, 0x00000000c1100000|100%| O|  |TAMS 0x00000000c1000000| PB 0x00000000c1000000| Untracked 
|  17|0x00000000c1100000, 0x00000000c1200000, 0x00000000c1200000|100%| O|  |TAMS 0x00000000c1100000| PB 0x00000000c1100000| Untracked 
|  18|0x00000000c1200000, 0x00000000c1300000, 0x00000000c1300000|100%| O|  |TAMS 0x00000000c1200000| PB 0x00000000c1200000| Untracked 
|  19|0x00000000c1300000, 0x00000000c1400000, 0x00000000c1400000|100%| O|  |TAMS 0x00000000c1300000| PB 0x00000000c1300000| Untracked 
|  20|0x00000000c1400000, 0x00000000c1500000, 0x00000000c1500000|100%| O|  |TAMS 0x00000000c1400000| PB 0x00000000c1400000| Untracked 
|  21|0x00000000c1500000, 0x00000000c1600000, 0x00000000c1600000|100%| O|  |TAMS 0x00000000c1500000| PB 0x00000000c1500000| Untracked 
|  22|0x00000000c1600000, 0x00000000c1700000, 0x00000000c1700000|100%| O|  |TAMS 0x00000000c1600000| PB 0x00000000c1600000| Untracked 
|  23|0x00000000c1700000, 0x00000000c1800000, 0x00000000c1800000|100%| O|  |TAMS 0x00000000c1700000| PB 0x00000000c1700000| Untracked 
|  24|0x00000000c1800000, 0x00000000c1900000, 0x00000000c1900000|100%| O|  |TAMS 0x00000000c1800000| PB 0x00000000c1800000| Untracked 
|  25|0x00000000c1900000, 0x00000000c1a00000, 0x00000000c1a00000|100%| O|  |TAMS 0x00000000c1900000| PB 0x00000000c1900000| Untracked 
|  26|0x00000000c1a00000, 0x00000000c1b00000, 0x00000000c1b00000|100%| O|  |TAMS 0x00000000c1a00000| PB 0x00000000c1a00000| Untracked 
|  27|0x00000000c1b00000, 0x00000000c1c00000, 0x00000000c1c00000|100%| O|  |TAMS 0x00000000c1b00000| PB 0x00000000c1b00000| Untracked 
|  28|0x00000000c1c00000, 0x00000000c1d00000, 0x00000000c1d00000|100%| O|  |TAMS 0x00000000c1c00000| PB 0x00000000c1c00000| Untracked 
|  29|0x00000000c1d00000, 0x00000000c1e00000, 0x00000000c1e00000|100%| O|  |TAMS 0x00000000c1d00000| PB 0x00000000c1d00000| Untracked 
|  30|0x00000000c1e00000, 0x00000000c1f00000, 0x00000000c1f00000|100%| O|  |TAMS 0x00000000c1e00000| PB 0x00000000c1e00000| Untracked 
|  31|0x00000000c1f00000, 0x00000000c2000000, 0x00000000c2000000|100%| O|  |TAMS 0x00000000c1f00000| PB 0x00000000c1f00000| Untracked 
|  32|0x00000000c2000000, 0x00000000c2100000, 0x00000000c2100000|100%| O|  |TAMS 0x00000000c2000000| PB 0x00000000c2000000| Untracked 
|  33|0x00000000c2100000, 0x00000000c2200000, 0x00000000c2200000|100%| O|  |TAMS 0x00000000c2100000| PB 0x00000000c2100000| Untracked 
|  34|0x00000000c2200000, 0x00000000c2300000, 0x00000000c2300000|100%| O|  |TAMS 0x00000000c2200000| PB 0x00000000c2200000| Untracked 
|  35|0x00000000c2300000, 0x00000000c2400000, 0x00000000c2400000|100%| O|  |TAMS 0x00000000c2300000| PB 0x00000000c2300000| Untracked 
|  36|0x00000000c2400000, 0x00000000c2500000, 0x00000000c2500000|100%| O|  |TAMS 0x00000000c2400000| PB 0x00000000c2400000| Untracked 
|  37|0x00000000c2500000, 0x00000000c2600000, 0x00000000c2600000|100%|HS|  |TAMS 0x00000000c2500000| PB 0x00000000c2500000| Complete 
|  38|0x00000000c2600000, 0x00000000c2700000, 0x00000000c2700000|100%|HC|  |TAMS 0x00000000c2600000| PB 0x00000000c2600000| Complete 
|  39|0x00000000c2700000, 0x00000000c2800000, 0x00000000c2800000|100%|HS|  |TAMS 0x00000000c2700000| PB 0x00000000c2700000| Complete 
|  40|0x00000000c2800000, 0x00000000c2900000, 0x00000000c2900000|100%|HC|  |TAMS 0x00000000c2800000| PB 0x00000000c2800000| Complete 
|  41|0x00000000c2900000, 0x00000000c2a00000, 0x00000000c2a00000|100%| O|  |TAMS 0x00000000c2900000| PB 0x00000000c2900000| Untracked 
|  42|0x00000000c2a00000, 0x00000000c2b00000, 0x00000000c2b00000|100%| O|  |TAMS 0x00000000c2a00000| PB 0x00000000c2a00000| Untracked 
|  43|0x00000000c2b00000, 0x00000000c2c00000, 0x00000000c2c00000|100%| O|  |TAMS 0x00000000c2b00000| PB 0x00000000c2b00000| Untracked 
|  44|0x00000000c2c00000, 0x00000000c2d00000, 0x00000000c2d00000|100%| O|  |TAMS 0x00000000c2c00000| PB 0x00000000c2c00000| Untracked 
|  45|0x00000000c2d00000, 0x00000000c2e00000, 0x00000000c2e00000|100%| O|  |TAMS 0x00000000c2d00000| PB 0x00000000c2d00000| Untracked 
|  46|0x00000000c2e00000, 0x00000000c2f00000, 0x00000000c2f00000|100%| O|  |TAMS 0x00000000c2e00000| PB 0x00000000c2e00000| Untracked 
|  47|0x00000000c2f00000, 0x00000000c3000000, 0x00000000c3000000|100%| O|  |TAMS 0x00000000c2f00000| PB 0x00000000c2f00000| Untracked 
|  48|0x00000000c3000000, 0x00000000c3100000, 0x00000000c3100000|100%| O|  |TAMS 0x00000000c3000000| PB 0x00000000c3000000| Untracked 
|  49|0x00000000c3100000, 0x00000000c3200000, 0x00000000c3200000|100%| O|  |TAMS 0x00000000c3100000| PB 0x00000000c3100000| Untracked 
|  50|0x00000000c3200000, 0x00000000c3300000, 0x00000000c3300000|100%|HS|  |TAMS 0x00000000c3200000| PB 0x00000000c3200000| Complete 
|  51|0x00000000c3300000, 0x00000000c3400000, 0x00000000c3400000|100%|HC|  |TAMS 0x00000000c3300000| PB 0x00000000c3300000| Complete 
|  52|0x00000000c3400000, 0x00000000c3500000, 0x00000000c3500000|100%|HC|  |TAMS 0x00000000c3400000| PB 0x00000000c3400000| Complete 
|  53|0x00000000c3500000, 0x00000000c3600000, 0x00000000c3600000|100%| O|  |TAMS 0x00000000c3500000| PB 0x00000000c3500000| Untracked 
|  54|0x00000000c3600000, 0x00000000c3700000, 0x00000000c3700000|100%| O|  |TAMS 0x00000000c3600000| PB 0x00000000c3600000| Untracked 
|  55|0x00000000c3700000, 0x00000000c3800000, 0x00000000c3800000|100%| O|  |TAMS 0x00000000c3700000| PB 0x00000000c3700000| Untracked 
|  56|0x00000000c3800000, 0x00000000c3900000, 0x00000000c3900000|100%|HS|  |TAMS 0x00000000c3800000| PB 0x00000000c3800000| Complete 
|  57|0x00000000c3900000, 0x00000000c3a00000, 0x00000000c3a00000|100%|HC|  |TAMS 0x00000000c3900000| PB 0x00000000c3900000| Complete 
|  58|0x00000000c3a00000, 0x00000000c3b00000, 0x00000000c3b00000|100%|HC|  |TAMS 0x00000000c3a00000| PB 0x00000000c3a00000| Complete 
|  59|0x00000000c3b00000, 0x00000000c3c00000, 0x00000000c3c00000|100%| O|  |TAMS 0x00000000c3b00000| PB 0x00000000c3b00000| Untracked 
|  60|0x00000000c3c00000, 0x00000000c3d00000, 0x00000000c3d00000|100%| O|  |TAMS 0x00000000c3c00000| PB 0x00000000c3c00000| Untracked 
|  61|0x00000000c3d00000, 0x00000000c3e00000, 0x00000000c3e00000|100%| O|  |TAMS 0x00000000c3d00000| PB 0x00000000c3d00000| Untracked 
|  62|0x00000000c3e00000, 0x00000000c3f00000, 0x00000000c3f00000|100%| O|  |TAMS 0x00000000c3e00000| PB 0x00000000c3e00000| Untracked 
|  63|0x00000000c3f00000, 0x00000000c4000000, 0x00000000c4000000|100%| O|  |TAMS 0x00000000c3f00000| PB 0x00000000c3f00000| Untracked 
|  64|0x00000000c4000000, 0x00000000c4100000, 0x00000000c4100000|100%| O|  |TAMS 0x00000000c4000000| PB 0x00000000c4000000| Untracked 
|  65|0x00000000c4100000, 0x00000000c4200000, 0x00000000c4200000|100%| O|  |TAMS 0x00000000c4100000| PB 0x00000000c4100000| Untracked 
|  66|0x00000000c4200000, 0x00000000c4300000, 0x00000000c4300000|100%| O|  |TAMS 0x00000000c4200000| PB 0x00000000c4200000| Untracked 
|  67|0x00000000c4300000, 0x00000000c4400000, 0x00000000c4400000|100%| O|  |TAMS 0x00000000c4300000| PB 0x00000000c4300000| Untracked 
|  68|0x00000000c4400000, 0x00000000c4500000, 0x00000000c4500000|100%| O|  |TAMS 0x00000000c4400000| PB 0x00000000c4400000| Untracked 
|  69|0x00000000c4500000, 0x00000000c4600000, 0x00000000c4600000|100%| O|  |TAMS 0x00000000c4500000| PB 0x00000000c4500000| Untracked 
|  70|0x00000000c4600000, 0x00000000c4700000, 0x00000000c4700000|100%| O|  |TAMS 0x00000000c4600000| PB 0x00000000c4600000| Untracked 
|  71|0x00000000c4700000, 0x00000000c4800000, 0x00000000c4800000|100%|HS|  |TAMS 0x00000000c4700000| PB 0x00000000c4700000| Complete 
|  72|0x00000000c4800000, 0x00000000c4900000, 0x00000000c4900000|100%|HS|  |TAMS 0x00000000c4800000| PB 0x00000000c4800000| Complete 
|  73|0x00000000c4900000, 0x00000000c4a00000, 0x00000000c4a00000|100%|HS|  |TAMS 0x00000000c4900000| PB 0x00000000c4900000| Complete 
|  74|0x00000000c4a00000, 0x00000000c4b00000, 0x00000000c4b00000|100%| O|  |TAMS 0x00000000c4a00000| PB 0x00000000c4a00000| Untracked 
|  75|0x00000000c4b00000, 0x00000000c4c00000, 0x00000000c4c00000|100%| O|  |TAMS 0x00000000c4b00000| PB 0x00000000c4b00000| Untracked 
|  76|0x00000000c4c00000, 0x00000000c4d00000, 0x00000000c4d00000|100%|HS|  |TAMS 0x00000000c4c00000| PB 0x00000000c4c00000| Complete 
|  77|0x00000000c4d00000, 0x00000000c4e00000, 0x00000000c4e00000|100%|HC|  |TAMS 0x00000000c4d00000| PB 0x00000000c4d00000| Complete 
|  78|0x00000000c4e00000, 0x00000000c4f00000, 0x00000000c4f00000|100%|HS|  |TAMS 0x00000000c4e00000| PB 0x00000000c4e00000| Complete 
|  79|0x00000000c4f00000, 0x00000000c5000000, 0x00000000c5000000|100%|HC|  |TAMS 0x00000000c4f00000| PB 0x00000000c4f00000| Complete 
|  80|0x00000000c5000000, 0x00000000c5100000, 0x00000000c5100000|100%|HS|  |TAMS 0x00000000c5000000| PB 0x00000000c5000000| Complete 
|  81|0x00000000c5100000, 0x00000000c5200000, 0x00000000c5200000|100%| O|  |TAMS 0x00000000c5100000| PB 0x00000000c5100000| Untracked 
|  82|0x00000000c5200000, 0x00000000c5300000, 0x00000000c5300000|100%| O|  |TAMS 0x00000000c5200000| PB 0x00000000c5200000| Untracked 
|  83|0x00000000c5300000, 0x00000000c5400000, 0x00000000c5400000|100%| O|  |TAMS 0x00000000c5300000| PB 0x00000000c5300000| Untracked 
|  84|0x00000000c5400000, 0x00000000c5500000, 0x00000000c5500000|100%| O|  |TAMS 0x00000000c5400000| PB 0x00000000c5400000| Untracked 
|  85|0x00000000c5500000, 0x00000000c5600000, 0x00000000c5600000|100%|HS|  |TAMS 0x00000000c5500000| PB 0x00000000c5500000| Complete 
|  86|0x00000000c5600000, 0x00000000c5700000, 0x00000000c5700000|100%|HC|  |TAMS 0x00000000c5600000| PB 0x00000000c5600000| Complete 
|  87|0x00000000c5700000, 0x00000000c5800000, 0x00000000c5800000|100%|HC|  |TAMS 0x00000000c5700000| PB 0x00000000c5700000| Complete 
|  88|0x00000000c5800000, 0x00000000c5900000, 0x00000000c5900000|100%|HC|  |TAMS 0x00000000c5800000| PB 0x00000000c5800000| Complete 
|  89|0x00000000c5900000, 0x00000000c5a00000, 0x00000000c5a00000|100%|HS|  |TAMS 0x00000000c5900000| PB 0x00000000c5900000| Complete 
|  90|0x00000000c5a00000, 0x00000000c5b00000, 0x00000000c5b00000|100%| O|  |TAMS 0x00000000c5a00000| PB 0x00000000c5a00000| Untracked 
|  91|0x00000000c5b00000, 0x00000000c5c00000, 0x00000000c5c00000|100%| O|  |TAMS 0x00000000c5b00000| PB 0x00000000c5b00000| Untracked 
|  92|0x00000000c5c00000, 0x00000000c5d00000, 0x00000000c5d00000|100%| O|  |TAMS 0x00000000c5c00000| PB 0x00000000c5c00000| Untracked 
|  93|0x00000000c5d00000, 0x00000000c5e00000, 0x00000000c5e00000|100%| O|  |TAMS 0x00000000c5d00000| PB 0x00000000c5d00000| Untracked 
|  94|0x00000000c5e00000, 0x00000000c5f00000, 0x00000000c5f00000|100%|HS|  |TAMS 0x00000000c5e00000| PB 0x00000000c5e00000| Complete 
|  95|0x00000000c5f00000, 0x00000000c6000000, 0x00000000c6000000|100%|HC|  |TAMS 0x00000000c5f00000| PB 0x00000000c5f00000| Complete 
|  96|0x00000000c6000000, 0x00000000c6100000, 0x00000000c6100000|100%|HC|  |TAMS 0x00000000c6000000| PB 0x00000000c6000000| Complete 
|  97|0x00000000c6100000, 0x00000000c6200000, 0x00000000c6200000|100%|HC|  |TAMS 0x00000000c6100000| PB 0x00000000c6100000| Complete 
|  98|0x00000000c6200000, 0x00000000c6300000, 0x00000000c6300000|100%|HS|  |TAMS 0x00000000c6200000| PB 0x00000000c6200000| Complete 
|  99|0x00000000c6300000, 0x00000000c6400000, 0x00000000c6400000|100%| O|  |TAMS 0x00000000c6300000| PB 0x00000000c6300000| Untracked 
| 100|0x00000000c6400000, 0x00000000c6500000, 0x00000000c6500000|100%| O|  |TAMS 0x00000000c6400000| PB 0x00000000c6400000| Untracked 
| 101|0x00000000c6500000, 0x00000000c6600000, 0x00000000c6600000|100%| O|  |TAMS 0x00000000c6500000| PB 0x00000000c6500000| Untracked 
| 102|0x00000000c6600000, 0x00000000c6700000, 0x00000000c6700000|100%| O|  |TAMS 0x00000000c6600000| PB 0x00000000c6600000| Untracked 
| 103|0x00000000c6700000, 0x00000000c6800000, 0x00000000c6800000|100%| O|  |TAMS 0x00000000c6700000| PB 0x00000000c6700000| Untracked 
| 104|0x00000000c6800000, 0x00000000c6900000, 0x00000000c6900000|100%| O|  |TAMS 0x00000000c6800000| PB 0x00000000c6800000| Untracked 
| 105|0x00000000c6900000, 0x00000000c6a00000, 0x00000000c6a00000|100%| O|  |TAMS 0x00000000c6900000| PB 0x00000000c6900000| Untracked 
| 106|0x00000000c6a00000, 0x00000000c6b00000, 0x00000000c6b00000|100%| O|  |TAMS 0x00000000c6a00000| PB 0x00000000c6a00000| Untracked 
| 107|0x00000000c6b00000, 0x00000000c6c00000, 0x00000000c6c00000|100%| O|  |TAMS 0x00000000c6b00000| PB 0x00000000c6b00000| Untracked 
| 108|0x00000000c6c00000, 0x00000000c6d00000, 0x00000000c6d00000|100%| O|  |TAMS 0x00000000c6c00000| PB 0x00000000c6c00000| Untracked 
| 109|0x00000000c6d00000, 0x00000000c6e00000, 0x00000000c6e00000|100%| O|  |TAMS 0x00000000c6d00000| PB 0x00000000c6d00000| Untracked 
| 110|0x00000000c6e00000, 0x00000000c6f00000, 0x00000000c6f00000|100%| O|  |TAMS 0x00000000c6e00000| PB 0x00000000c6e00000| Untracked 
| 111|0x00000000c6f00000, 0x00000000c7000000, 0x00000000c7000000|100%| O|  |TAMS 0x00000000c6f00000| PB 0x00000000c6f00000| Untracked 
| 112|0x00000000c7000000, 0x00000000c7100000, 0x00000000c7100000|100%| O|  |TAMS 0x00000000c7000000| PB 0x00000000c7000000| Untracked 
| 113|0x00000000c7100000, 0x00000000c7200000, 0x00000000c7200000|100%| O|  |TAMS 0x00000000c7100000| PB 0x00000000c7100000| Untracked 
| 114|0x00000000c7200000, 0x00000000c7300000, 0x00000000c7300000|100%| O|  |TAMS 0x00000000c7200000| PB 0x00000000c7200000| Untracked 
| 115|0x00000000c7300000, 0x00000000c7400000, 0x00000000c7400000|100%| O|  |TAMS 0x00000000c7300000| PB 0x00000000c7300000| Untracked 
| 116|0x00000000c7400000, 0x00000000c7500000, 0x00000000c7500000|100%| O|  |TAMS 0x00000000c7400000| PB 0x00000000c7400000| Untracked 
| 117|0x00000000c7500000, 0x00000000c7600000, 0x00000000c7600000|100%| O|  |TAMS 0x00000000c7500000| PB 0x00000000c7500000| Untracked 
| 118|0x00000000c7600000, 0x00000000c7700000, 0x00000000c7700000|100%| O|  |TAMS 0x00000000c7600000| PB 0x00000000c7600000| Untracked 
| 119|0x00000000c7700000, 0x00000000c7800000, 0x00000000c7800000|100%| O|  |TAMS 0x00000000c7700000| PB 0x00000000c7700000| Untracked 
| 120|0x00000000c7800000, 0x00000000c7900000, 0x00000000c7900000|100%| O|  |TAMS 0x00000000c7800000| PB 0x00000000c7800000| Untracked 
| 121|0x00000000c7900000, 0x00000000c7a00000, 0x00000000c7a00000|100%| O|  |TAMS 0x00000000c7900000| PB 0x00000000c7900000| Untracked 
| 122|0x00000000c7a00000, 0x00000000c7b00000, 0x00000000c7b00000|100%| O|  |TAMS 0x00000000c7a00000| PB 0x00000000c7a00000| Untracked 
| 123|0x00000000c7b00000, 0x00000000c7c00000, 0x00000000c7c00000|100%| O|  |TAMS 0x00000000c7b00000| PB 0x00000000c7b00000| Untracked 
| 124|0x00000000c7c00000, 0x00000000c7d00000, 0x00000000c7d00000|100%| O|  |TAMS 0x00000000c7c00000| PB 0x00000000c7c00000| Untracked 
| 125|0x00000000c7d00000, 0x00000000c7e00000, 0x00000000c7e00000|100%| O|  |TAMS 0x00000000c7d00000| PB 0x00000000c7d00000| Untracked 
| 126|0x00000000c7e00000, 0x00000000c7f00000, 0x00000000c7f00000|100%| O|  |TAMS 0x00000000c7e00000| PB 0x00000000c7e00000| Untracked 
| 127|0x00000000c7f00000, 0x00000000c8000000, 0x00000000c8000000|100%| O|  |TAMS 0x00000000c7f00000| PB 0x00000000c7f00000| Untracked 
| 128|0x00000000c8000000, 0x00000000c8100000, 0x00000000c8100000|100%| O|  |TAMS 0x00000000c8000000| PB 0x00000000c8000000| Untracked 
| 129|0x00000000c8100000, 0x00000000c8200000, 0x00000000c8200000|100%| O|  |TAMS 0x00000000c8100000| PB 0x00000000c8100000| Untracked 
| 130|0x00000000c8200000, 0x00000000c8300000, 0x00000000c8300000|100%| O|  |TAMS 0x00000000c8200000| PB 0x00000000c8200000| Untracked 
| 131|0x00000000c8300000, 0x00000000c8400000, 0x00000000c8400000|100%| O|  |TAMS 0x00000000c8300000| PB 0x00000000c8300000| Untracked 
| 132|0x00000000c8400000, 0x00000000c8500000, 0x00000000c8500000|100%| O|  |TAMS 0x00000000c8400000| PB 0x00000000c8400000| Untracked 
| 133|0x00000000c8500000, 0x00000000c8600000, 0x00000000c8600000|100%| O|  |TAMS 0x00000000c8500000| PB 0x00000000c8500000| Untracked 
| 134|0x00000000c8600000, 0x00000000c8700000, 0x00000000c8700000|100%| O|  |TAMS 0x00000000c8600000| PB 0x00000000c8600000| Untracked 
| 135|0x00000000c8700000, 0x00000000c8800000, 0x00000000c8800000|100%| O|  |TAMS 0x00000000c8700000| PB 0x00000000c8700000| Untracked 
| 136|0x00000000c8800000, 0x00000000c8900000, 0x00000000c8900000|100%| O|  |TAMS 0x00000000c8800000| PB 0x00000000c8800000| Untracked 
| 137|0x00000000c8900000, 0x00000000c8a00000, 0x00000000c8a00000|100%| O|  |TAMS 0x00000000c8900000| PB 0x00000000c8900000| Untracked 
| 138|0x00000000c8a00000, 0x00000000c8b00000, 0x00000000c8b00000|100%| O|  |TAMS 0x00000000c8a00000| PB 0x00000000c8a00000| Untracked 
| 139|0x00000000c8b00000, 0x00000000c8c00000, 0x00000000c8c00000|100%| O|  |TAMS 0x00000000c8b00000| PB 0x00000000c8b00000| Untracked 
| 140|0x00000000c8c00000, 0x00000000c8d00000, 0x00000000c8d00000|100%| O|  |TAMS 0x00000000c8c00000| PB 0x00000000c8c00000| Untracked 
| 141|0x00000000c8d00000, 0x00000000c8e00000, 0x00000000c8e00000|100%| O|  |TAMS 0x00000000c8d00000| PB 0x00000000c8d00000| Untracked 
| 142|0x00000000c8e00000, 0x00000000c8f00000, 0x00000000c8f00000|100%| O|  |TAMS 0x00000000c8e00000| PB 0x00000000c8e00000| Complete 
| 143|0x00000000c8f00000, 0x00000000c9000000, 0x00000000c9000000|100%| O|  |TAMS 0x00000000c8f00000| PB 0x00000000c8f00000| Untracked 
| 144|0x00000000c9000000, 0x00000000c9100000, 0x00000000c9100000|100%| O|  |TAMS 0x00000000c9000000| PB 0x00000000c9000000| Untracked 
| 145|0x00000000c9100000, 0x00000000c9200000, 0x00000000c9200000|100%| O|  |TAMS 0x00000000c9100000| PB 0x00000000c9100000| Untracked 
| 146|0x00000000c9200000, 0x00000000c9300000, 0x00000000c9300000|100%| O|  |TAMS 0x00000000c9200000| PB 0x00000000c9200000| Untracked 
| 147|0x00000000c9300000, 0x00000000c9400000, 0x00000000c9400000|100%| O|  |TAMS 0x00000000c9300000| PB 0x00000000c9300000| Untracked 
| 148|0x00000000c9400000, 0x00000000c9500000, 0x00000000c9500000|100%| O|  |TAMS 0x00000000c9400000| PB 0x00000000c9400000| Untracked 
| 149|0x00000000c9500000, 0x00000000c9600000, 0x00000000c9600000|100%| O|  |TAMS 0x00000000c9500000| PB 0x00000000c9500000| Untracked 
| 150|0x00000000c9600000, 0x00000000c9700000, 0x00000000c9700000|100%| O|  |TAMS 0x00000000c9600000| PB 0x00000000c9600000| Untracked 
| 151|0x00000000c9700000, 0x00000000c9800000, 0x00000000c9800000|100%| O|  |TAMS 0x00000000c9700000| PB 0x00000000c9700000| Untracked 
| 152|0x00000000c9800000, 0x00000000c9900000, 0x00000000c9900000|100%| O|  |TAMS 0x00000000c9800000| PB 0x00000000c9800000| Untracked 
| 153|0x00000000c9900000, 0x00000000c9a00000, 0x00000000c9a00000|100%| O|  |TAMS 0x00000000c9900000| PB 0x00000000c9900000| Untracked 
| 154|0x00000000c9a00000, 0x00000000c9b00000, 0x00000000c9b00000|100%| O|  |TAMS 0x00000000c9a00000| PB 0x00000000c9a00000| Untracked 
| 155|0x00000000c9b00000, 0x00000000c9c00000, 0x00000000c9c00000|100%| O|  |TAMS 0x00000000c9b00000| PB 0x00000000c9b00000| Untracked 
| 156|0x00000000c9c00000, 0x00000000c9d00000, 0x00000000c9d00000|100%| O|  |TAMS 0x00000000c9c00000| PB 0x00000000c9c00000| Untracked 
| 157|0x00000000c9d00000, 0x00000000c9e00000, 0x00000000c9e00000|100%| O|  |TAMS 0x00000000c9d00000| PB 0x00000000c9d00000| Untracked 
| 158|0x00000000c9e00000, 0x00000000c9f00000, 0x00000000c9f00000|100%| O|  |TAMS 0x00000000c9e00000| PB 0x00000000c9e00000| Untracked 
| 159|0x00000000c9f00000, 0x00000000ca000000, 0x00000000ca000000|100%| O|  |TAMS 0x00000000c9f00000| PB 0x00000000c9f00000| Untracked 
| 160|0x00000000ca000000, 0x00000000ca100000, 0x00000000ca100000|100%| O|  |TAMS 0x00000000ca000000| PB 0x00000000ca000000| Untracked 
| 161|0x00000000ca100000, 0x00000000ca200000, 0x00000000ca200000|100%| O|  |TAMS 0x00000000ca100000| PB 0x00000000ca100000| Untracked 
| 162|0x00000000ca200000, 0x00000000ca300000, 0x00000000ca300000|100%| O|  |TAMS 0x00000000ca200000| PB 0x00000000ca200000| Untracked 
| 163|0x00000000ca300000, 0x00000000ca400000, 0x00000000ca400000|100%| O|  |TAMS 0x00000000ca300000| PB 0x00000000ca300000| Untracked 
| 164|0x00000000ca400000, 0x00000000ca500000, 0x00000000ca500000|100%| O|  |TAMS 0x00000000ca400000| PB 0x00000000ca400000| Untracked 
| 165|0x00000000ca500000, 0x00000000ca600000, 0x00000000ca600000|100%| O|  |TAMS 0x00000000ca500000| PB 0x00000000ca500000| Untracked 
| 166|0x00000000ca600000, 0x00000000ca700000, 0x00000000ca700000|100%| O|  |TAMS 0x00000000ca600000| PB 0x00000000ca600000| Untracked 
| 167|0x00000000ca700000, 0x00000000ca800000, 0x00000000ca800000|100%| O|  |TAMS 0x00000000ca700000| PB 0x00000000ca700000| Untracked 
| 168|0x00000000ca800000, 0x00000000ca900000, 0x00000000ca900000|100%| O|  |TAMS 0x00000000ca800000| PB 0x00000000ca800000| Untracked 
| 169|0x00000000ca900000, 0x00000000caa00000, 0x00000000caa00000|100%| O|  |TAMS 0x00000000ca900000| PB 0x00000000ca900000| Untracked 
| 170|0x00000000caa00000, 0x00000000cab00000, 0x00000000cab00000|100%| O|  |TAMS 0x00000000caa00000| PB 0x00000000caa00000| Untracked 
| 171|0x00000000cab00000, 0x00000000cac00000, 0x00000000cac00000|100%| O|  |TAMS 0x00000000cab00000| PB 0x00000000cab00000| Untracked 
| 172|0x00000000cac00000, 0x00000000cad00000, 0x00000000cad00000|100%| O|  |TAMS 0x00000000cac00000| PB 0x00000000cac00000| Untracked 
| 173|0x00000000cad00000, 0x00000000cae00000, 0x00000000cae00000|100%| O|  |TAMS 0x00000000cad00000| PB 0x00000000cad00000| Complete 
| 174|0x00000000cae00000, 0x00000000caf00000, 0x00000000caf00000|100%| O|  |TAMS 0x00000000cae00000| PB 0x00000000cae00000| Untracked 
| 175|0x00000000caf00000, 0x00000000cb000000, 0x00000000cb000000|100%| O|  |TAMS 0x00000000caf00000| PB 0x00000000caf00000| Untracked 
| 176|0x00000000cb000000, 0x00000000cb100000, 0x00000000cb100000|100%| O|  |TAMS 0x00000000cb000000| PB 0x00000000cb000000| Untracked 
| 177|0x00000000cb100000, 0x00000000cb1f1c00, 0x00000000cb200000| 94%| O|  |TAMS 0x00000000cb100000| PB 0x00000000cb100000| Untracked 
| 178|0x00000000cb200000, 0x00000000cb300000, 0x00000000cb300000|100%| O|  |TAMS 0x00000000cb200000| PB 0x00000000cb200000| Untracked 
| 179|0x00000000cb300000, 0x00000000cb400000, 0x00000000cb400000|100%| O|  |TAMS 0x00000000cb300000| PB 0x00000000cb300000| Untracked 
| 180|0x00000000cb400000, 0x00000000cb500000, 0x00000000cb500000|100%| O|  |TAMS 0x00000000cb400000| PB 0x00000000cb400000| Untracked 
| 181|0x00000000cb500000, 0x00000000cb500000, 0x00000000cb600000|  0%| F|  |TAMS 0x00000000cb500000| PB 0x00000000cb500000| Untracked 
| 182|0x00000000cb600000, 0x00000000cb600000, 0x00000000cb700000|  0%| F|  |TAMS 0x00000000cb600000| PB 0x00000000cb600000| Untracked 
| 183|0x00000000cb700000, 0x00000000cb800000, 0x00000000cb800000|100%| O|  |TAMS 0x00000000cb700000| PB 0x00000000cb700000| Untracked 
| 184|0x00000000cb800000, 0x00000000cb800000, 0x00000000cb900000|  0%| F|  |TAMS 0x00000000cb800000| PB 0x00000000cb800000| Untracked 
| 185|0x00000000cb900000, 0x00000000cba00000, 0x00000000cba00000|100%| O|  |TAMS 0x00000000cb900000| PB 0x00000000cb900000| Complete 
| 186|0x00000000cba00000, 0x00000000cbb00000, 0x00000000cbb00000|100%| O|  |TAMS 0x00000000cba00000| PB 0x00000000cba00000| Untracked 
| 187|0x00000000cbb00000, 0x00000000cbb00000, 0x00000000cbc00000|  0%| F|  |TAMS 0x00000000cbb00000| PB 0x00000000cbb00000| Untracked 
| 188|0x00000000cbc00000, 0x00000000cbc00000, 0x00000000cbd00000|  0%| F|  |TAMS 0x00000000cbc00000| PB 0x00000000cbc00000| Untracked 
| 189|0x00000000cbd00000, 0x00000000cbd00000, 0x00000000cbe00000|  0%| F|  |TAMS 0x00000000cbd00000| PB 0x00000000cbd00000| Untracked 
| 190|0x00000000cbe00000, 0x00000000cbe00000, 0x00000000cbf00000|  0%| F|  |TAMS 0x00000000cbe00000| PB 0x00000000cbe00000| Untracked 
| 191|0x00000000cbf00000, 0x00000000cbf00000, 0x00000000cc000000|  0%| F|  |TAMS 0x00000000cbf00000| PB 0x00000000cbf00000| Untracked 
| 192|0x00000000cc000000, 0x00000000cc000000, 0x00000000cc100000|  0%| F|  |TAMS 0x00000000cc000000| PB 0x00000000cc000000| Untracked 
| 193|0x00000000cc100000, 0x00000000cc100000, 0x00000000cc200000|  0%| F|  |TAMS 0x00000000cc100000| PB 0x00000000cc100000| Untracked 
| 194|0x00000000cc200000, 0x00000000cc300000, 0x00000000cc300000|100%| O|  |TAMS 0x00000000cc200000| PB 0x00000000cc200000| Untracked 
| 195|0x00000000cc300000, 0x00000000cc400000, 0x00000000cc400000|100%| O|  |TAMS 0x00000000cc300000| PB 0x00000000cc300000| Untracked 
| 196|0x00000000cc400000, 0x00000000cc500000, 0x00000000cc500000|100%| O|  |TAMS 0x00000000cc400000| PB 0x00000000cc400000| Untracked 
| 197|0x00000000cc500000, 0x00000000cc600000, 0x00000000cc600000|100%| O|  |TAMS 0x00000000cc500000| PB 0x00000000cc500000| Untracked 
| 198|0x00000000cc600000, 0x00000000cc700000, 0x00000000cc700000|100%| O|  |TAMS 0x00000000cc600000| PB 0x00000000cc600000| Untracked 
| 199|0x00000000cc700000, 0x00000000cc700000, 0x00000000cc800000|  0%| F|  |TAMS 0x00000000cc700000| PB 0x00000000cc700000| Untracked 
| 200|0x00000000cc800000, 0x00000000cc800000, 0x00000000cc900000|  0%| F|  |TAMS 0x00000000cc800000| PB 0x00000000cc800000| Untracked 
| 201|0x00000000cc900000, 0x00000000cca00000, 0x00000000cca00000|100%| O|  |TAMS 0x00000000cc900000| PB 0x00000000cc900000| Untracked 
| 202|0x00000000cca00000, 0x00000000cca00000, 0x00000000ccb00000|  0%| F|  |TAMS 0x00000000cca00000| PB 0x00000000cca00000| Untracked 
| 203|0x00000000ccb00000, 0x00000000ccc00000, 0x00000000ccc00000|100%| O|  |TAMS 0x00000000ccb00000| PB 0x00000000ccb00000| Untracked 
| 204|0x00000000ccc00000, 0x00000000ccd00000, 0x00000000ccd00000|100%| O|  |TAMS 0x00000000ccc00000| PB 0x00000000ccc00000| Untracked 
| 205|0x00000000ccd00000, 0x00000000cce00000, 0x00000000cce00000|100%| O|  |TAMS 0x00000000ccd00000| PB 0x00000000ccd00000| Untracked 
| 206|0x00000000cce00000, 0x00000000ccf00000, 0x00000000ccf00000|100%| S|CS|TAMS 0x00000000cce00000| PB 0x00000000cce00000| Complete 
| 207|0x00000000ccf00000, 0x00000000cd000000, 0x00000000cd000000|100%| O|  |TAMS 0x00000000ccf00000| PB 0x00000000ccf00000| Untracked 
| 208|0x00000000cd000000, 0x00000000cd100000, 0x00000000cd100000|100%| S|CS|TAMS 0x00000000cd000000| PB 0x00000000cd000000| Complete 
| 209|0x00000000cd100000, 0x00000000cd200000, 0x00000000cd200000|100%| O|  |TAMS 0x00000000cd100000| PB 0x00000000cd100000| Untracked 
| 210|0x00000000cd200000, 0x00000000cd200000, 0x00000000cd300000|  0%| F|  |TAMS 0x00000000cd200000| PB 0x00000000cd200000| Untracked 
| 211|0x00000000cd300000, 0x00000000cd300000, 0x00000000cd400000|  0%| F|  |TAMS 0x00000000cd300000| PB 0x00000000cd300000| Untracked 
| 212|0x00000000cd400000, 0x00000000cd400000, 0x00000000cd500000|  0%| F|  |TAMS 0x00000000cd400000| PB 0x00000000cd400000| Untracked 
| 213|0x00000000cd500000, 0x00000000cd500000, 0x00000000cd600000|  0%| F|  |TAMS 0x00000000cd500000| PB 0x00000000cd500000| Untracked 
| 214|0x00000000cd600000, 0x00000000cd600000, 0x00000000cd700000|  0%| F|  |TAMS 0x00000000cd600000| PB 0x00000000cd600000| Untracked 
| 215|0x00000000cd700000, 0x00000000cd700000, 0x00000000cd800000|  0%| F|  |TAMS 0x00000000cd700000| PB 0x00000000cd700000| Untracked 
| 216|0x00000000cd800000, 0x00000000cd800000, 0x00000000cd900000|  0%| F|  |TAMS 0x00000000cd800000| PB 0x00000000cd800000| Untracked 
| 217|0x00000000cd900000, 0x00000000cd900000, 0x00000000cda00000|  0%| F|  |TAMS 0x00000000cd900000| PB 0x00000000cd900000| Untracked 
| 218|0x00000000cda00000, 0x00000000cda00000, 0x00000000cdb00000|  0%| F|  |TAMS 0x00000000cda00000| PB 0x00000000cda00000| Untracked 
| 219|0x00000000cdb00000, 0x00000000cdb00000, 0x00000000cdc00000|  0%| F|  |TAMS 0x00000000cdb00000| PB 0x00000000cdb00000| Untracked 
| 220|0x00000000cdc00000, 0x00000000cdd00000, 0x00000000cdd00000|100%| S|CS|TAMS 0x00000000cdc00000| PB 0x00000000cdc00000| Complete 
| 221|0x00000000cdd00000, 0x00000000cde00000, 0x00000000cde00000|100%| S|CS|TAMS 0x00000000cdd00000| PB 0x00000000cdd00000| Complete 
| 222|0x00000000cde00000, 0x00000000cde00000, 0x00000000cdf00000|  0%| F|  |TAMS 0x00000000cde00000| PB 0x00000000cde00000| Untracked 
| 223|0x00000000cdf00000, 0x00000000cdf00000, 0x00000000ce000000|  0%| F|  |TAMS 0x00000000cdf00000| PB 0x00000000cdf00000| Untracked 
| 224|0x00000000ce000000, 0x00000000ce000000, 0x00000000ce100000|  0%| F|  |TAMS 0x00000000ce000000| PB 0x00000000ce000000| Untracked 
| 225|0x00000000ce100000, 0x00000000ce100000, 0x00000000ce200000|  0%| F|  |TAMS 0x00000000ce100000| PB 0x00000000ce100000| Untracked 
| 226|0x00000000ce200000, 0x00000000ce300000, 0x00000000ce300000|100%| O|  |TAMS 0x00000000ce200000| PB 0x00000000ce200000| Untracked 
| 227|0x00000000ce300000, 0x00000000ce400000, 0x00000000ce400000|100%| O|  |TAMS 0x00000000ce300000| PB 0x00000000ce300000| Untracked 
| 228|0x00000000ce400000, 0x00000000ce500000, 0x00000000ce500000|100%| O|  |TAMS 0x00000000ce400000| PB 0x00000000ce400000| Untracked 
| 229|0x00000000ce500000, 0x00000000ce600000, 0x00000000ce600000|100%| O|  |TAMS 0x00000000ce500000| PB 0x00000000ce500000| Untracked 
| 230|0x00000000ce600000, 0x00000000ce600000, 0x00000000ce700000|  0%| F|  |TAMS 0x00000000ce600000| PB 0x00000000ce600000| Untracked 
| 231|0x00000000ce700000, 0x00000000ce700000, 0x00000000ce800000|  0%| F|  |TAMS 0x00000000ce700000| PB 0x00000000ce700000| Untracked 
| 232|0x00000000ce800000, 0x00000000ce800000, 0x00000000ce900000|  0%| F|  |TAMS 0x00000000ce800000| PB 0x00000000ce800000| Untracked 
| 233|0x00000000ce900000, 0x00000000ce900000, 0x00000000cea00000|  0%| F|  |TAMS 0x00000000ce900000| PB 0x00000000ce900000| Untracked 
| 234|0x00000000cea00000, 0x00000000cea00000, 0x00000000ceb00000|  0%| F|  |TAMS 0x00000000cea00000| PB 0x00000000cea00000| Untracked 
| 235|0x00000000ceb00000, 0x00000000ceb00000, 0x00000000cec00000|  0%| F|  |TAMS 0x00000000ceb00000| PB 0x00000000ceb00000| Untracked 
| 236|0x00000000cec00000, 0x00000000cec00000, 0x00000000ced00000|  0%| F|  |TAMS 0x00000000cec00000| PB 0x00000000cec00000| Untracked 
| 237|0x00000000ced00000, 0x00000000ced00000, 0x00000000cee00000|  0%| F|  |TAMS 0x00000000ced00000| PB 0x00000000ced00000| Untracked 
| 238|0x00000000cee00000, 0x00000000cee00000, 0x00000000cef00000|  0%| F|  |TAMS 0x00000000cee00000| PB 0x00000000cee00000| Untracked 
| 239|0x00000000cef00000, 0x00000000cef00000, 0x00000000cf000000|  0%| F|  |TAMS 0x00000000cef00000| PB 0x00000000cef00000| Untracked 
| 240|0x00000000cf000000, 0x00000000cf000000, 0x00000000cf100000|  0%| F|  |TAMS 0x00000000cf000000| PB 0x00000000cf000000| Untracked 
| 241|0x00000000cf100000, 0x00000000cf100000, 0x00000000cf200000|  0%| F|  |TAMS 0x00000000cf100000| PB 0x00000000cf100000| Untracked 
| 242|0x00000000cf200000, 0x00000000cf200000, 0x00000000cf300000|  0%| F|  |TAMS 0x00000000cf200000| PB 0x00000000cf200000| Untracked 
| 243|0x00000000cf300000, 0x00000000cf300000, 0x00000000cf400000|  0%| F|  |TAMS 0x00000000cf300000| PB 0x00000000cf300000| Untracked 
| 244|0x00000000cf400000, 0x00000000cf400000, 0x00000000cf500000|  0%| F|  |TAMS 0x00000000cf400000| PB 0x00000000cf400000| Untracked 
| 245|0x00000000cf500000, 0x00000000cf500000, 0x00000000cf600000|  0%| F|  |TAMS 0x00000000cf500000| PB 0x00000000cf500000| Untracked 
| 246|0x00000000cf600000, 0x00000000cf600000, 0x00000000cf700000|  0%| F|  |TAMS 0x00000000cf600000| PB 0x00000000cf600000| Untracked 
| 247|0x00000000cf700000, 0x00000000cf800000, 0x00000000cf800000|100%| S|CS|TAMS 0x00000000cf700000| PB 0x00000000cf700000| Complete 
| 248|0x00000000cf800000, 0x00000000cf900000, 0x00000000cf900000|100%| S|CS|TAMS 0x00000000cf800000| PB 0x00000000cf800000| Complete 
| 249|0x00000000cf900000, 0x00000000cfa00000, 0x00000000cfa00000|100%| S|CS|TAMS 0x00000000cf900000| PB 0x00000000cf900000| Complete 
| 250|0x00000000cfa00000, 0x00000000cfb00000, 0x00000000cfb00000|100%| S|CS|TAMS 0x00000000cfa00000| PB 0x00000000cfa00000| Complete 
| 251|0x00000000cfb00000, 0x00000000cfc00000, 0x00000000cfc00000|100%| S|CS|TAMS 0x00000000cfb00000| PB 0x00000000cfb00000| Complete 
| 252|0x00000000cfc00000, 0x00000000cfd00000, 0x00000000cfd00000|100%| S|CS|TAMS 0x00000000cfc00000| PB 0x00000000cfc00000| Complete 
| 253|0x00000000cfd00000, 0x00000000cfe00000, 0x00000000cfe00000|100%| S|CS|TAMS 0x00000000cfd00000| PB 0x00000000cfd00000| Complete 
| 254|0x00000000cfe00000, 0x00000000cfe00000, 0x00000000cff00000|  0%| F|  |TAMS 0x00000000cfe00000| PB 0x00000000cfe00000| Untracked 
| 255|0x00000000cff00000, 0x00000000cff00000, 0x00000000d0000000|  0%| F|  |TAMS 0x00000000cff00000| PB 0x00000000cff00000| Untracked 
| 256|0x00000000d0000000, 0x00000000d0000000, 0x00000000d0100000|  0%| F|  |TAMS 0x00000000d0000000| PB 0x00000000d0000000| Untracked 
| 257|0x00000000d0100000, 0x00000000d0100000, 0x00000000d0200000|  0%| F|  |TAMS 0x00000000d0100000| PB 0x00000000d0100000| Untracked 
| 258|0x00000000d0200000, 0x00000000d0200000, 0x00000000d0300000|  0%| F|  |TAMS 0x00000000d0200000| PB 0x00000000d0200000| Untracked 
| 259|0x00000000d0300000, 0x00000000d0300000, 0x00000000d0400000|  0%| F|  |TAMS 0x00000000d0300000| PB 0x00000000d0300000| Untracked 
| 260|0x00000000d0400000, 0x00000000d0400000, 0x00000000d0500000|  0%| F|  |TAMS 0x00000000d0400000| PB 0x00000000d0400000| Untracked 
| 261|0x00000000d0500000, 0x00000000d0500000, 0x00000000d0600000|  0%| F|  |TAMS 0x00000000d0500000| PB 0x00000000d0500000| Untracked 
| 262|0x00000000d0600000, 0x00000000d0600000, 0x00000000d0700000|  0%| F|  |TAMS 0x00000000d0600000| PB 0x00000000d0600000| Untracked 
| 263|0x00000000d0700000, 0x00000000d0700000, 0x00000000d0800000|  0%| F|  |TAMS 0x00000000d0700000| PB 0x00000000d0700000| Untracked 
| 264|0x00000000d0800000, 0x00000000d0800000, 0x00000000d0900000|  0%| F|  |TAMS 0x00000000d0800000| PB 0x00000000d0800000| Untracked 
| 265|0x00000000d0900000, 0x00000000d0900000, 0x00000000d0a00000|  0%| F|  |TAMS 0x00000000d0900000| PB 0x00000000d0900000| Untracked 
| 266|0x00000000d0a00000, 0x00000000d0a00000, 0x00000000d0b00000|  0%| F|  |TAMS 0x00000000d0a00000| PB 0x00000000d0a00000| Untracked 
| 267|0x00000000d0b00000, 0x00000000d0b00000, 0x00000000d0c00000|  0%| F|  |TAMS 0x00000000d0b00000| PB 0x00000000d0b00000| Untracked 
| 268|0x00000000d0c00000, 0x00000000d0c00000, 0x00000000d0d00000|  0%| F|  |TAMS 0x00000000d0c00000| PB 0x00000000d0c00000| Untracked 
| 269|0x00000000d0d00000, 0x00000000d0d00000, 0x00000000d0e00000|  0%| F|  |TAMS 0x00000000d0d00000| PB 0x00000000d0d00000| Untracked 
| 270|0x00000000d0e00000, 0x00000000d0e00000, 0x00000000d0f00000|  0%| F|  |TAMS 0x00000000d0e00000| PB 0x00000000d0e00000| Untracked 
| 271|0x00000000d0f00000, 0x00000000d0f00000, 0x00000000d1000000|  0%| F|  |TAMS 0x00000000d0f00000| PB 0x00000000d0f00000| Untracked 
| 272|0x00000000d1000000, 0x00000000d1000000, 0x00000000d1100000|  0%| F|  |TAMS 0x00000000d1000000| PB 0x00000000d1000000| Untracked 
| 273|0x00000000d1100000, 0x00000000d1100000, 0x00000000d1200000|  0%| F|  |TAMS 0x00000000d1100000| PB 0x00000000d1100000| Untracked 
| 274|0x00000000d1200000, 0x00000000d1200000, 0x00000000d1300000|  0%| F|  |TAMS 0x00000000d1200000| PB 0x00000000d1200000| Untracked 
| 275|0x00000000d1300000, 0x00000000d1300000, 0x00000000d1400000|  0%| F|  |TAMS 0x00000000d1300000| PB 0x00000000d1300000| Untracked 
| 276|0x00000000d1400000, 0x00000000d1400000, 0x00000000d1500000|  0%| F|  |TAMS 0x00000000d1400000| PB 0x00000000d1400000| Untracked 
| 277|0x00000000d1500000, 0x00000000d1500000, 0x00000000d1600000|  0%| F|  |TAMS 0x00000000d1500000| PB 0x00000000d1500000| Untracked 
| 278|0x00000000d1600000, 0x00000000d1600000, 0x00000000d1700000|  0%| F|  |TAMS 0x00000000d1600000| PB 0x00000000d1600000| Untracked 
| 279|0x00000000d1700000, 0x00000000d1700000, 0x00000000d1800000|  0%| F|  |TAMS 0x00000000d1700000| PB 0x00000000d1700000| Untracked 
| 280|0x00000000d1800000, 0x00000000d1800000, 0x00000000d1900000|  0%| F|  |TAMS 0x00000000d1800000| PB 0x00000000d1800000| Untracked 
| 281|0x00000000d1900000, 0x00000000d1900000, 0x00000000d1a00000|  0%| F|  |TAMS 0x00000000d1900000| PB 0x00000000d1900000| Untracked 
| 282|0x00000000d1a00000, 0x00000000d1a00000, 0x00000000d1b00000|  0%| F|  |TAMS 0x00000000d1a00000| PB 0x00000000d1a00000| Untracked 
| 283|0x00000000d1b00000, 0x00000000d1b00000, 0x00000000d1c00000|  0%| F|  |TAMS 0x00000000d1b00000| PB 0x00000000d1b00000| Untracked 
| 284|0x00000000d1c00000, 0x00000000d1c00000, 0x00000000d1d00000|  0%| F|  |TAMS 0x00000000d1c00000| PB 0x00000000d1c00000| Untracked 
| 285|0x00000000d1d00000, 0x00000000d1d00000, 0x00000000d1e00000|  0%| F|  |TAMS 0x00000000d1d00000| PB 0x00000000d1d00000| Untracked 
| 286|0x00000000d1e00000, 0x00000000d1e00000, 0x00000000d1f00000|  0%| F|  |TAMS 0x00000000d1e00000| PB 0x00000000d1e00000| Untracked 
| 287|0x00000000d1f00000, 0x00000000d1f00000, 0x00000000d2000000|  0%| F|  |TAMS 0x00000000d1f00000| PB 0x00000000d1f00000| Untracked 
| 288|0x00000000d2000000, 0x00000000d2000000, 0x00000000d2100000|  0%| F|  |TAMS 0x00000000d2000000| PB 0x00000000d2000000| Untracked 
| 289|0x00000000d2100000, 0x00000000d2100000, 0x00000000d2200000|  0%| F|  |TAMS 0x00000000d2100000| PB 0x00000000d2100000| Untracked 
| 290|0x00000000d2200000, 0x00000000d2200000, 0x00000000d2300000|  0%| F|  |TAMS 0x00000000d2200000| PB 0x00000000d2200000| Untracked 
| 291|0x00000000d2300000, 0x00000000d2300000, 0x00000000d2400000|  0%| F|  |TAMS 0x00000000d2300000| PB 0x00000000d2300000| Untracked 
| 292|0x00000000d2400000, 0x00000000d2400000, 0x00000000d2500000|  0%| F|  |TAMS 0x00000000d2400000| PB 0x00000000d2400000| Untracked 
| 293|0x00000000d2500000, 0x00000000d2500000, 0x00000000d2600000|  0%| F|  |TAMS 0x00000000d2500000| PB 0x00000000d2500000| Untracked 
| 294|0x00000000d2600000, 0x00000000d2600000, 0x00000000d2700000|  0%| F|  |TAMS 0x00000000d2600000| PB 0x00000000d2600000| Untracked 
| 295|0x00000000d2700000, 0x00000000d2700000, 0x00000000d2800000|  0%| F|  |TAMS 0x00000000d2700000| PB 0x00000000d2700000| Untracked 
| 296|0x00000000d2800000, 0x00000000d2800000, 0x00000000d2900000|  0%| F|  |TAMS 0x00000000d2800000| PB 0x00000000d2800000| Untracked 
| 297|0x00000000d2900000, 0x00000000d2900000, 0x00000000d2a00000|  0%| F|  |TAMS 0x00000000d2900000| PB 0x00000000d2900000| Untracked 
| 298|0x00000000d2a00000, 0x00000000d2a00000, 0x00000000d2b00000|  0%| F|  |TAMS 0x00000000d2a00000| PB 0x00000000d2a00000| Untracked 
| 299|0x00000000d2b00000, 0x00000000d2b00000, 0x00000000d2c00000|  0%| F|  |TAMS 0x00000000d2b00000| PB 0x00000000d2b00000| Untracked 
| 300|0x00000000d2c00000, 0x00000000d2c00000, 0x00000000d2d00000|  0%| F|  |TAMS 0x00000000d2c00000| PB 0x00000000d2c00000| Untracked 
| 301|0x00000000d2d00000, 0x00000000d2d00000, 0x00000000d2e00000|  0%| F|  |TAMS 0x00000000d2d00000| PB 0x00000000d2d00000| Untracked 
| 302|0x00000000d2e00000, 0x00000000d2e00000, 0x00000000d2f00000|  0%| F|  |TAMS 0x00000000d2e00000| PB 0x00000000d2e00000| Untracked 
| 303|0x00000000d2f00000, 0x00000000d2f00000, 0x00000000d3000000|  0%| F|  |TAMS 0x00000000d2f00000| PB 0x00000000d2f00000| Untracked 
| 304|0x00000000d3000000, 0x00000000d3000000, 0x00000000d3100000|  0%| F|  |TAMS 0x00000000d3000000| PB 0x00000000d3000000| Untracked 
| 305|0x00000000d3100000, 0x00000000d3100000, 0x00000000d3200000|  0%| F|  |TAMS 0x00000000d3100000| PB 0x00000000d3100000| Untracked 
| 306|0x00000000d3200000, 0x00000000d3200000, 0x00000000d3300000|  0%| F|  |TAMS 0x00000000d3200000| PB 0x00000000d3200000| Untracked 
| 307|0x00000000d3300000, 0x00000000d3300000, 0x00000000d3400000|  0%| F|  |TAMS 0x00000000d3300000| PB 0x00000000d3300000| Untracked 
| 308|0x00000000d3400000, 0x00000000d3400000, 0x00000000d3500000|  0%| F|  |TAMS 0x00000000d3400000| PB 0x00000000d3400000| Untracked 
| 309|0x00000000d3500000, 0x00000000d3500000, 0x00000000d3600000|  0%| F|  |TAMS 0x00000000d3500000| PB 0x00000000d3500000| Untracked 
| 310|0x00000000d3600000, 0x00000000d3600000, 0x00000000d3700000|  0%| F|  |TAMS 0x00000000d3600000| PB 0x00000000d3600000| Untracked 
| 311|0x00000000d3700000, 0x00000000d3700800, 0x00000000d3800000|  0%| E|  |TAMS 0x00000000d3700000| PB 0x00000000d3700000| Complete 
| 312|0x00000000d3800000, 0x00000000d3900000, 0x00000000d3900000|100%| E|CS|TAMS 0x00000000d3800000| PB 0x00000000d3800000| Complete 
| 313|0x00000000d3900000, 0x00000000d3a00000, 0x00000000d3a00000|100%| E|CS|TAMS 0x00000000d3900000| PB 0x00000000d3900000| Complete 
| 314|0x00000000d3a00000, 0x00000000d3b00000, 0x00000000d3b00000|100%| E|CS|TAMS 0x00000000d3a00000| PB 0x00000000d3a00000| Complete 
| 315|0x00000000d3b00000, 0x00000000d3c00000, 0x00000000d3c00000|100%| E|CS|TAMS 0x00000000d3b00000| PB 0x00000000d3b00000| Complete 
| 316|0x00000000d3c00000, 0x00000000d3d00000, 0x00000000d3d00000|100%| E|CS|TAMS 0x00000000d3c00000| PB 0x00000000d3c00000| Complete 
| 317|0x00000000d3d00000, 0x00000000d3e00000, 0x00000000d3e00000|100%| E|CS|TAMS 0x00000000d3d00000| PB 0x00000000d3d00000| Complete 
| 318|0x00000000d3e00000, 0x00000000d3f00000, 0x00000000d3f00000|100%| E|CS|TAMS 0x00000000d3e00000| PB 0x00000000d3e00000| Complete 
| 319|0x00000000d3f00000, 0x00000000d4000000, 0x00000000d4000000|100%| E|CS|TAMS 0x00000000d3f00000| PB 0x00000000d3f00000| Complete 
| 320|0x00000000d4000000, 0x00000000d4100000, 0x00000000d4100000|100%| E|CS|TAMS 0x00000000d4000000| PB 0x00000000d4000000| Complete 
| 321|0x00000000d4100000, 0x00000000d4200000, 0x00000000d4200000|100%| E|CS|TAMS 0x00000000d4100000| PB 0x00000000d4100000| Complete 
| 322|0x00000000d4200000, 0x00000000d4300000, 0x00000000d4300000|100%| E|CS|TAMS 0x00000000d4200000| PB 0x00000000d4200000| Complete 
| 323|0x00000000d4300000, 0x00000000d4400000, 0x00000000d4400000|100%| E|CS|TAMS 0x00000000d4300000| PB 0x00000000d4300000| Complete 
| 324|0x00000000d4400000, 0x00000000d4500000, 0x00000000d4500000|100%| E|CS|TAMS 0x00000000d4400000| PB 0x00000000d4400000| Complete 
| 325|0x00000000d4500000, 0x00000000d4600000, 0x00000000d4600000|100%| E|CS|TAMS 0x00000000d4500000| PB 0x00000000d4500000| Complete 
| 326|0x00000000d4600000, 0x00000000d4700000, 0x00000000d4700000|100%| E|CS|TAMS 0x00000000d4600000| PB 0x00000000d4600000| Complete 
| 327|0x00000000d4700000, 0x00000000d4800000, 0x00000000d4800000|100%| E|CS|TAMS 0x00000000d4700000| PB 0x00000000d4700000| Complete 
| 328|0x00000000d4800000, 0x00000000d4900000, 0x00000000d4900000|100%| E|CS|TAMS 0x00000000d4800000| PB 0x00000000d4800000| Complete 
| 329|0x00000000d4900000, 0x00000000d4a00000, 0x00000000d4a00000|100%| E|CS|TAMS 0x00000000d4900000| PB 0x00000000d4900000| Complete 
| 330|0x00000000d4a00000, 0x00000000d4b00000, 0x00000000d4b00000|100%| E|CS|TAMS 0x00000000d4a00000| PB 0x00000000d4a00000| Complete 
| 331|0x00000000d4b00000, 0x00000000d4c00000, 0x00000000d4c00000|100%| E|CS|TAMS 0x00000000d4b00000| PB 0x00000000d4b00000| Complete 
| 332|0x00000000d4c00000, 0x00000000d4d00000, 0x00000000d4d00000|100%| E|CS|TAMS 0x00000000d4c00000| PB 0x00000000d4c00000| Complete 
| 333|0x00000000d4d00000, 0x00000000d4e00000, 0x00000000d4e00000|100%| E|CS|TAMS 0x00000000d4d00000| PB 0x00000000d4d00000| Complete 
| 334|0x00000000d4e00000, 0x00000000d4f00000, 0x00000000d4f00000|100%| E|CS|TAMS 0x00000000d4e00000| PB 0x00000000d4e00000| Complete 
| 335|0x00000000d4f00000, 0x00000000d5000000, 0x00000000d5000000|100%| E|CS|TAMS 0x00000000d4f00000| PB 0x00000000d4f00000| Complete 
| 336|0x00000000d5000000, 0x00000000d5100000, 0x00000000d5100000|100%| E|CS|TAMS 0x00000000d5000000| PB 0x00000000d5000000| Complete 
| 337|0x00000000d5100000, 0x00000000d5200000, 0x00000000d5200000|100%| E|CS|TAMS 0x00000000d5100000| PB 0x00000000d5100000| Complete 
| 338|0x00000000d5200000, 0x00000000d5300000, 0x00000000d5300000|100%| E|CS|TAMS 0x00000000d5200000| PB 0x00000000d5200000| Complete 
| 339|0x00000000d5300000, 0x00000000d5400000, 0x00000000d5400000|100%| E|CS|TAMS 0x00000000d5300000| PB 0x00000000d5300000| Complete 
| 340|0x00000000d5400000, 0x00000000d5500000, 0x00000000d5500000|100%| E|CS|TAMS 0x00000000d5400000| PB 0x00000000d5400000| Complete 
| 341|0x00000000d5500000, 0x00000000d5600000, 0x00000000d5600000|100%| E|CS|TAMS 0x00000000d5500000| PB 0x00000000d5500000| Complete 
| 342|0x00000000d5600000, 0x00000000d5700000, 0x00000000d5700000|100%| E|CS|TAMS 0x00000000d5600000| PB 0x00000000d5600000| Complete 
| 343|0x00000000d5700000, 0x00000000d5800000, 0x00000000d5800000|100%| E|CS|TAMS 0x00000000d5700000| PB 0x00000000d5700000| Complete 
| 344|0x00000000d5800000, 0x00000000d5900000, 0x00000000d5900000|100%| E|CS|TAMS 0x00000000d5800000| PB 0x00000000d5800000| Complete 
| 345|0x00000000d5900000, 0x00000000d5a00000, 0x00000000d5a00000|100%| E|CS|TAMS 0x00000000d5900000| PB 0x00000000d5900000| Complete 
| 346|0x00000000d5a00000, 0x00000000d5b00000, 0x00000000d5b00000|100%| E|CS|TAMS 0x00000000d5a00000| PB 0x00000000d5a00000| Complete 
| 347|0x00000000d5b00000, 0x00000000d5c00000, 0x00000000d5c00000|100%| E|CS|TAMS 0x00000000d5b00000| PB 0x00000000d5b00000| Complete 
| 348|0x00000000d5c00000, 0x00000000d5d00000, 0x00000000d5d00000|100%| E|CS|TAMS 0x00000000d5c00000| PB 0x00000000d5c00000| Complete 
| 349|0x00000000d5d00000, 0x00000000d5e00000, 0x00000000d5e00000|100%| E|CS|TAMS 0x00000000d5d00000| PB 0x00000000d5d00000| Complete 
| 350|0x00000000d5e00000, 0x00000000d5f00000, 0x00000000d5f00000|100%| E|CS|TAMS 0x00000000d5e00000| PB 0x00000000d5e00000| Complete 
| 351|0x00000000d5f00000, 0x00000000d6000000, 0x00000000d6000000|100%| E|CS|TAMS 0x00000000d5f00000| PB 0x00000000d5f00000| Complete 
| 352|0x00000000d6000000, 0x00000000d6100000, 0x00000000d6100000|100%| E|CS|TAMS 0x00000000d6000000| PB 0x00000000d6000000| Complete 
| 353|0x00000000d6100000, 0x00000000d6200000, 0x00000000d6200000|100%| E|CS|TAMS 0x00000000d6100000| PB 0x00000000d6100000| Complete 
| 354|0x00000000d6200000, 0x00000000d6300000, 0x00000000d6300000|100%| E|CS|TAMS 0x00000000d6200000| PB 0x00000000d6200000| Complete 
| 355|0x00000000d6300000, 0x00000000d6400000, 0x00000000d6400000|100%| E|CS|TAMS 0x00000000d6300000| PB 0x00000000d6300000| Complete 
| 356|0x00000000d6400000, 0x00000000d6500000, 0x00000000d6500000|100%| E|CS|TAMS 0x00000000d6400000| PB 0x00000000d6400000| Complete 
| 357|0x00000000d6500000, 0x00000000d6600000, 0x00000000d6600000|100%| E|CS|TAMS 0x00000000d6500000| PB 0x00000000d6500000| Complete 
| 358|0x00000000d6600000, 0x00000000d6700000, 0x00000000d6700000|100%| E|CS|TAMS 0x00000000d6600000| PB 0x00000000d6600000| Complete 
| 359|0x00000000d6700000, 0x00000000d6800000, 0x00000000d6800000|100%| E|CS|TAMS 0x00000000d6700000| PB 0x00000000d6700000| Complete 
| 360|0x00000000d6800000, 0x00000000d6900000, 0x00000000d6900000|100%| E|CS|TAMS 0x00000000d6800000| PB 0x00000000d6800000| Complete 
| 361|0x00000000d6900000, 0x00000000d6a00000, 0x00000000d6a00000|100%| E|CS|TAMS 0x00000000d6900000| PB 0x00000000d6900000| Complete 
| 362|0x00000000d6a00000, 0x00000000d6b00000, 0x00000000d6b00000|100%| E|CS|TAMS 0x00000000d6a00000| PB 0x00000000d6a00000| Complete 
| 363|0x00000000d6b00000, 0x00000000d6c00000, 0x00000000d6c00000|100%| E|CS|TAMS 0x00000000d6b00000| PB 0x00000000d6b00000| Complete 
| 364|0x00000000d6c00000, 0x00000000d6d00000, 0x00000000d6d00000|100%| E|CS|TAMS 0x00000000d6c00000| PB 0x00000000d6c00000| Complete 
| 365|0x00000000d6d00000, 0x00000000d6e00000, 0x00000000d6e00000|100%| E|CS|TAMS 0x00000000d6d00000| PB 0x00000000d6d00000| Complete 
| 366|0x00000000d6e00000, 0x00000000d6f00000, 0x00000000d6f00000|100%| E|CS|TAMS 0x00000000d6e00000| PB 0x00000000d6e00000| Complete 
| 367|0x00000000d6f00000, 0x00000000d7000000, 0x00000000d7000000|100%| E|CS|TAMS 0x00000000d6f00000| PB 0x00000000d6f00000| Complete 
| 368|0x00000000d7000000, 0x00000000d7100000, 0x00000000d7100000|100%| E|CS|TAMS 0x00000000d7000000| PB 0x00000000d7000000| Complete 
| 369|0x00000000d7100000, 0x00000000d7200000, 0x00000000d7200000|100%| E|CS|TAMS 0x00000000d7100000| PB 0x00000000d7100000| Complete 
| 370|0x00000000d7200000, 0x00000000d7300000, 0x00000000d7300000|100%| E|CS|TAMS 0x00000000d7200000| PB 0x00000000d7200000| Complete 
| 371|0x00000000d7300000, 0x00000000d7400000, 0x00000000d7400000|100%| E|CS|TAMS 0x00000000d7300000| PB 0x00000000d7300000| Complete 
| 372|0x00000000d7400000, 0x00000000d7500000, 0x00000000d7500000|100%| E|CS|TAMS 0x00000000d7400000| PB 0x00000000d7400000| Complete 
| 373|0x00000000d7500000, 0x00000000d7600000, 0x00000000d7600000|100%| E|CS|TAMS 0x00000000d7500000| PB 0x00000000d7500000| Complete 
| 374|0x00000000d7600000, 0x00000000d7700000, 0x00000000d7700000|100%| E|CS|TAMS 0x00000000d7600000| PB 0x00000000d7600000| Complete 
| 375|0x00000000d7700000, 0x00000000d7800000, 0x00000000d7800000|100%| E|CS|TAMS 0x00000000d7700000| PB 0x00000000d7700000| Complete 
| 376|0x00000000d7800000, 0x00000000d7900000, 0x00000000d7900000|100%| E|CS|TAMS 0x00000000d7800000| PB 0x00000000d7800000| Complete 
| 377|0x00000000d7900000, 0x00000000d7a00000, 0x00000000d7a00000|100%| E|CS|TAMS 0x00000000d7900000| PB 0x00000000d7900000| Complete 
| 378|0x00000000d7a00000, 0x00000000d7b00000, 0x00000000d7b00000|100%| E|CS|TAMS 0x00000000d7a00000| PB 0x00000000d7a00000| Complete 
| 379|0x00000000d7b00000, 0x00000000d7c00000, 0x00000000d7c00000|100%| E|CS|TAMS 0x00000000d7b00000| PB 0x00000000d7b00000| Complete 
| 380|0x00000000d7c00000, 0x00000000d7d00000, 0x00000000d7d00000|100%| E|CS|TAMS 0x00000000d7c00000| PB 0x00000000d7c00000| Complete 
| 381|0x00000000d7d00000, 0x00000000d7e00000, 0x00000000d7e00000|100%| E|CS|TAMS 0x00000000d7d00000| PB 0x00000000d7d00000| Complete 
| 382|0x00000000d7e00000, 0x00000000d7f00000, 0x00000000d7f00000|100%| E|CS|TAMS 0x00000000d7e00000| PB 0x00000000d7e00000| Complete 
| 383|0x00000000d7f00000, 0x00000000d8000000, 0x00000000d8000000|100%| E|CS|TAMS 0x00000000d7f00000| PB 0x00000000d7f00000| Complete 
| 384|0x00000000d8000000, 0x00000000d8100000, 0x00000000d8100000|100%| E|CS|TAMS 0x00000000d8000000| PB 0x00000000d8000000| Complete 
| 385|0x00000000d8100000, 0x00000000d8200000, 0x00000000d8200000|100%| E|CS|TAMS 0x00000000d8100000| PB 0x00000000d8100000| Complete 
| 386|0x00000000d8200000, 0x00000000d8300000, 0x00000000d8300000|100%| E|CS|TAMS 0x00000000d8200000| PB 0x00000000d8200000| Complete 
| 387|0x00000000d8300000, 0x00000000d8400000, 0x00000000d8400000|100%| E|CS|TAMS 0x00000000d8300000| PB 0x00000000d8300000| Complete 
| 388|0x00000000d8400000, 0x00000000d8500000, 0x00000000d8500000|100%| E|CS|TAMS 0x00000000d8400000| PB 0x00000000d8400000| Complete 
| 389|0x00000000d8500000, 0x00000000d8600000, 0x00000000d8600000|100%| E|CS|TAMS 0x00000000d8500000| PB 0x00000000d8500000| Complete 
| 390|0x00000000d8600000, 0x00000000d8700000, 0x00000000d8700000|100%| E|CS|TAMS 0x00000000d8600000| PB 0x00000000d8600000| Complete 
| 391|0x00000000d8700000, 0x00000000d8800000, 0x00000000d8800000|100%| E|CS|TAMS 0x00000000d8700000| PB 0x00000000d8700000| Complete 
| 392|0x00000000d8800000, 0x00000000d8900000, 0x00000000d8900000|100%| E|CS|TAMS 0x00000000d8800000| PB 0x00000000d8800000| Complete 
| 393|0x00000000d8900000, 0x00000000d8a00000, 0x00000000d8a00000|100%| E|CS|TAMS 0x00000000d8900000| PB 0x00000000d8900000| Complete 
| 394|0x00000000d8a00000, 0x00000000d8b00000, 0x00000000d8b00000|100%| E|CS|TAMS 0x00000000d8a00000| PB 0x00000000d8a00000| Complete 
| 395|0x00000000d8b00000, 0x00000000d8c00000, 0x00000000d8c00000|100%| E|CS|TAMS 0x00000000d8b00000| PB 0x00000000d8b00000| Complete 
| 396|0x00000000d8c00000, 0x00000000d8d00000, 0x00000000d8d00000|100%| E|CS|TAMS 0x00000000d8c00000| PB 0x00000000d8c00000| Complete 
| 397|0x00000000d8d00000, 0x00000000d8e00000, 0x00000000d8e00000|100%| E|CS|TAMS 0x00000000d8d00000| PB 0x00000000d8d00000| Complete 
| 398|0x00000000d8e00000, 0x00000000d8f00000, 0x00000000d8f00000|100%| E|CS|TAMS 0x00000000d8e00000| PB 0x00000000d8e00000| Complete 
| 399|0x00000000d8f00000, 0x00000000d9000000, 0x00000000d9000000|100%| E|CS|TAMS 0x00000000d8f00000| PB 0x00000000d8f00000| Complete 
| 400|0x00000000d9000000, 0x00000000d9100000, 0x00000000d9100000|100%| E|CS|TAMS 0x00000000d9000000| PB 0x00000000d9000000| Complete 
| 401|0x00000000d9100000, 0x00000000d9200000, 0x00000000d9200000|100%| E|CS|TAMS 0x00000000d9100000| PB 0x00000000d9100000| Complete 
| 402|0x00000000d9200000, 0x00000000d9300000, 0x00000000d9300000|100%| E|CS|TAMS 0x00000000d9200000| PB 0x00000000d9200000| Complete 
| 403|0x00000000d9300000, 0x00000000d9400000, 0x00000000d9400000|100%| E|CS|TAMS 0x00000000d9300000| PB 0x00000000d9300000| Complete 
| 404|0x00000000d9400000, 0x00000000d9500000, 0x00000000d9500000|100%| E|CS|TAMS 0x00000000d9400000| PB 0x00000000d9400000| Complete 
| 405|0x00000000d9500000, 0x00000000d9600000, 0x00000000d9600000|100%| E|CS|TAMS 0x00000000d9500000| PB 0x00000000d9500000| Complete 
| 406|0x00000000d9600000, 0x00000000d9700000, 0x00000000d9700000|100%| E|CS|TAMS 0x00000000d9600000| PB 0x00000000d9600000| Complete 
| 407|0x00000000d9700000, 0x00000000d9800000, 0x00000000d9800000|100%| E|CS|TAMS 0x00000000d9700000| PB 0x00000000d9700000| Complete 
| 408|0x00000000d9800000, 0x00000000d9900000, 0x00000000d9900000|100%| E|CS|TAMS 0x00000000d9800000| PB 0x00000000d9800000| Complete 
| 409|0x00000000d9900000, 0x00000000d9a00000, 0x00000000d9a00000|100%| E|CS|TAMS 0x00000000d9900000| PB 0x00000000d9900000| Complete 
| 410|0x00000000d9a00000, 0x00000000d9b00000, 0x00000000d9b00000|100%| E|CS|TAMS 0x00000000d9a00000| PB 0x00000000d9a00000| Complete 
| 411|0x00000000d9b00000, 0x00000000d9c00000, 0x00000000d9c00000|100%| E|CS|TAMS 0x00000000d9b00000| PB 0x00000000d9b00000| Complete 
| 412|0x00000000d9c00000, 0x00000000d9d00000, 0x00000000d9d00000|100%| E|CS|TAMS 0x00000000d9c00000| PB 0x00000000d9c00000| Complete 
| 413|0x00000000d9d00000, 0x00000000d9e00000, 0x00000000d9e00000|100%| E|CS|TAMS 0x00000000d9d00000| PB 0x00000000d9d00000| Complete 
| 414|0x00000000d9e00000, 0x00000000d9f00000, 0x00000000d9f00000|100%| E|CS|TAMS 0x00000000d9e00000| PB 0x00000000d9e00000| Complete 
| 415|0x00000000d9f00000, 0x00000000da000000, 0x00000000da000000|100%| E|CS|TAMS 0x00000000d9f00000| PB 0x00000000d9f00000| Complete 
| 416|0x00000000da000000, 0x00000000da100000, 0x00000000da100000|100%| E|CS|TAMS 0x00000000da000000| PB 0x00000000da000000| Complete 
| 417|0x00000000da100000, 0x00000000da200000, 0x00000000da200000|100%| E|CS|TAMS 0x00000000da100000| PB 0x00000000da100000| Complete 
| 418|0x00000000da200000, 0x00000000da300000, 0x00000000da300000|100%| E|CS|TAMS 0x00000000da200000| PB 0x00000000da200000| Complete 
| 419|0x00000000da300000, 0x00000000da400000, 0x00000000da400000|100%| E|CS|TAMS 0x00000000da300000| PB 0x00000000da300000| Complete 
| 420|0x00000000da400000, 0x00000000da500000, 0x00000000da500000|100%| E|CS|TAMS 0x00000000da400000| PB 0x00000000da400000| Complete 
| 421|0x00000000da500000, 0x00000000da600000, 0x00000000da600000|100%| E|CS|TAMS 0x00000000da500000| PB 0x00000000da500000| Complete 
| 422|0x00000000da600000, 0x00000000da700000, 0x00000000da700000|100%| E|CS|TAMS 0x00000000da600000| PB 0x00000000da600000| Complete 
| 423|0x00000000da700000, 0x00000000da800000, 0x00000000da800000|100%| E|CS|TAMS 0x00000000da700000| PB 0x00000000da700000| Complete 
| 424|0x00000000da800000, 0x00000000da900000, 0x00000000da900000|100%| E|CS|TAMS 0x00000000da800000| PB 0x00000000da800000| Complete 
| 425|0x00000000da900000, 0x00000000daa00000, 0x00000000daa00000|100%| E|CS|TAMS 0x00000000da900000| PB 0x00000000da900000| Complete 
| 426|0x00000000daa00000, 0x00000000dab00000, 0x00000000dab00000|100%| E|CS|TAMS 0x00000000daa00000| PB 0x00000000daa00000| Complete 
| 427|0x00000000dab00000, 0x00000000dac00000, 0x00000000dac00000|100%| E|CS|TAMS 0x00000000dab00000| PB 0x00000000dab00000| Complete 
| 428|0x00000000dac00000, 0x00000000dad00000, 0x00000000dad00000|100%| E|CS|TAMS 0x00000000dac00000| PB 0x00000000dac00000| Complete 
| 429|0x00000000dad00000, 0x00000000dae00000, 0x00000000dae00000|100%| E|CS|TAMS 0x00000000dad00000| PB 0x00000000dad00000| Complete 
| 430|0x00000000dae00000, 0x00000000daf00000, 0x00000000daf00000|100%| E|CS|TAMS 0x00000000dae00000| PB 0x00000000dae00000| Complete 
| 431|0x00000000daf00000, 0x00000000db000000, 0x00000000db000000|100%| E|CS|TAMS 0x00000000daf00000| PB 0x00000000daf00000| Complete 
| 432|0x00000000db000000, 0x00000000db100000, 0x00000000db100000|100%| E|CS|TAMS 0x00000000db000000| PB 0x00000000db000000| Complete 
| 433|0x00000000db100000, 0x00000000db200000, 0x00000000db200000|100%| E|CS|TAMS 0x00000000db100000| PB 0x00000000db100000| Complete 
| 434|0x00000000db200000, 0x00000000db300000, 0x00000000db300000|100%| E|CS|TAMS 0x00000000db200000| PB 0x00000000db200000| Complete 
| 435|0x00000000db300000, 0x00000000db400000, 0x00000000db400000|100%| E|CS|TAMS 0x00000000db300000| PB 0x00000000db300000| Complete 
| 436|0x00000000db400000, 0x00000000db500000, 0x00000000db500000|100%| E|CS|TAMS 0x00000000db400000| PB 0x00000000db400000| Complete 
| 437|0x00000000db500000, 0x00000000db600000, 0x00000000db600000|100%| E|CS|TAMS 0x00000000db500000| PB 0x00000000db500000| Complete 
| 438|0x00000000db600000, 0x00000000db700000, 0x00000000db700000|100%| E|CS|TAMS 0x00000000db600000| PB 0x00000000db600000| Complete 
| 439|0x00000000db700000, 0x00000000db800000, 0x00000000db800000|100%| E|CS|TAMS 0x00000000db700000| PB 0x00000000db700000| Complete 
| 440|0x00000000db800000, 0x00000000db900000, 0x00000000db900000|100%| E|CS|TAMS 0x00000000db800000| PB 0x00000000db800000| Complete 
| 441|0x00000000db900000, 0x00000000dba00000, 0x00000000dba00000|100%| E|CS|TAMS 0x00000000db900000| PB 0x00000000db900000| Complete 
| 442|0x00000000dba00000, 0x00000000dbb00000, 0x00000000dbb00000|100%| E|CS|TAMS 0x00000000dba00000| PB 0x00000000dba00000| Complete 
| 443|0x00000000dbb00000, 0x00000000dbc00000, 0x00000000dbc00000|100%| E|CS|TAMS 0x00000000dbb00000| PB 0x00000000dbb00000| Complete 
| 444|0x00000000dbc00000, 0x00000000dbd00000, 0x00000000dbd00000|100%| E|CS|TAMS 0x00000000dbc00000| PB 0x00000000dbc00000| Complete 
| 445|0x00000000dbd00000, 0x00000000dbe00000, 0x00000000dbe00000|100%| E|CS|TAMS 0x00000000dbd00000| PB 0x00000000dbd00000| Complete 
| 446|0x00000000dbe00000, 0x00000000dbf00000, 0x00000000dbf00000|100%| E|CS|TAMS 0x00000000dbe00000| PB 0x00000000dbe00000| Complete 
| 447|0x00000000dbf00000, 0x00000000dc000000, 0x00000000dc000000|100%| E|CS|TAMS 0x00000000dbf00000| PB 0x00000000dbf00000| Complete 
| 448|0x00000000dc000000, 0x00000000dc100000, 0x00000000dc100000|100%| E|CS|TAMS 0x00000000dc000000| PB 0x00000000dc000000| Complete 
| 449|0x00000000dc100000, 0x00000000dc200000, 0x00000000dc200000|100%| E|CS|TAMS 0x00000000dc100000| PB 0x00000000dc100000| Complete 
| 450|0x00000000dc200000, 0x00000000dc300000, 0x00000000dc300000|100%| E|CS|TAMS 0x00000000dc200000| PB 0x00000000dc200000| Complete 
| 451|0x00000000dc300000, 0x00000000dc400000, 0x00000000dc400000|100%| E|CS|TAMS 0x00000000dc300000| PB 0x00000000dc300000| Complete 
| 452|0x00000000dc400000, 0x00000000dc500000, 0x00000000dc500000|100%| E|CS|TAMS 0x00000000dc400000| PB 0x00000000dc400000| Complete 
| 453|0x00000000dc500000, 0x00000000dc600000, 0x00000000dc600000|100%| E|CS|TAMS 0x00000000dc500000| PB 0x00000000dc500000| Complete 
| 454|0x00000000dc600000, 0x00000000dc700000, 0x00000000dc700000|100%| E|CS|TAMS 0x00000000dc600000| PB 0x00000000dc600000| Complete 
| 455|0x00000000dc700000, 0x00000000dc800000, 0x00000000dc800000|100%| E|CS|TAMS 0x00000000dc700000| PB 0x00000000dc700000| Complete 
| 456|0x00000000dc800000, 0x00000000dc900000, 0x00000000dc900000|100%| E|CS|TAMS 0x00000000dc800000| PB 0x00000000dc800000| Complete 
| 457|0x00000000dc900000, 0x00000000dca00000, 0x00000000dca00000|100%| E|CS|TAMS 0x00000000dc900000| PB 0x00000000dc900000| Complete 
| 458|0x00000000dca00000, 0x00000000dcb00000, 0x00000000dcb00000|100%| E|CS|TAMS 0x00000000dca00000| PB 0x00000000dca00000| Complete 
| 459|0x00000000dcb00000, 0x00000000dcc00000, 0x00000000dcc00000|100%| E|CS|TAMS 0x00000000dcb00000| PB 0x00000000dcb00000| Complete 
| 460|0x00000000dcc00000, 0x00000000dcd00000, 0x00000000dcd00000|100%| E|CS|TAMS 0x00000000dcc00000| PB 0x00000000dcc00000| Complete 
| 461|0x00000000dcd00000, 0x00000000dce00000, 0x00000000dce00000|100%| E|CS|TAMS 0x00000000dcd00000| PB 0x00000000dcd00000| Complete 
| 462|0x00000000dce00000, 0x00000000dcf00000, 0x00000000dcf00000|100%| E|CS|TAMS 0x00000000dce00000| PB 0x00000000dce00000| Complete 
| 463|0x00000000dcf00000, 0x00000000dd000000, 0x00000000dd000000|100%| E|CS|TAMS 0x00000000dcf00000| PB 0x00000000dcf00000| Complete 
| 464|0x00000000dd000000, 0x00000000dd100000, 0x00000000dd100000|100%| E|CS|TAMS 0x00000000dd000000| PB 0x00000000dd000000| Complete 
| 465|0x00000000dd100000, 0x00000000dd200000, 0x00000000dd200000|100%| E|CS|TAMS 0x00000000dd100000| PB 0x00000000dd100000| Complete 
| 466|0x00000000dd200000, 0x00000000dd300000, 0x00000000dd300000|100%| E|CS|TAMS 0x00000000dd200000| PB 0x00000000dd200000| Complete 
| 467|0x00000000dd300000, 0x00000000dd400000, 0x00000000dd400000|100%| E|CS|TAMS 0x00000000dd300000| PB 0x00000000dd300000| Complete 
| 468|0x00000000dd400000, 0x00000000dd500000, 0x00000000dd500000|100%| E|CS|TAMS 0x00000000dd400000| PB 0x00000000dd400000| Complete 
| 469|0x00000000dd500000, 0x00000000dd600000, 0x00000000dd600000|100%| E|CS|TAMS 0x00000000dd500000| PB 0x00000000dd500000| Complete 
| 470|0x00000000dd600000, 0x00000000dd700000, 0x00000000dd700000|100%| E|CS|TAMS 0x00000000dd600000| PB 0x00000000dd600000| Complete 
| 471|0x00000000dd700000, 0x00000000dd800000, 0x00000000dd800000|100%| E|CS|TAMS 0x00000000dd700000| PB 0x00000000dd700000| Complete 
| 472|0x00000000dd800000, 0x00000000dd900000, 0x00000000dd900000|100%| E|CS|TAMS 0x00000000dd800000| PB 0x00000000dd800000| Complete 
| 473|0x00000000dd900000, 0x00000000dda00000, 0x00000000dda00000|100%| E|CS|TAMS 0x00000000dd900000| PB 0x00000000dd900000| Complete 
| 474|0x00000000dda00000, 0x00000000ddb00000, 0x00000000ddb00000|100%| E|CS|TAMS 0x00000000dda00000| PB 0x00000000dda00000| Complete 
| 475|0x00000000ddb00000, 0x00000000ddc00000, 0x00000000ddc00000|100%| E|CS|TAMS 0x00000000ddb00000| PB 0x00000000ddb00000| Complete 
| 476|0x00000000ddc00000, 0x00000000ddd00000, 0x00000000ddd00000|100%| E|CS|TAMS 0x00000000ddc00000| PB 0x00000000ddc00000| Complete 
| 477|0x00000000ddd00000, 0x00000000dde00000, 0x00000000dde00000|100%| E|CS|TAMS 0x00000000ddd00000| PB 0x00000000ddd00000| Complete 
| 478|0x00000000dde00000, 0x00000000ddf00000, 0x00000000ddf00000|100%| E|CS|TAMS 0x00000000dde00000| PB 0x00000000dde00000| Complete 
| 479|0x00000000ddf00000, 0x00000000de000000, 0x00000000de000000|100%| E|CS|TAMS 0x00000000ddf00000| PB 0x00000000ddf00000| Complete 
| 480|0x00000000de000000, 0x00000000de100000, 0x00000000de100000|100%| E|CS|TAMS 0x00000000de000000| PB 0x00000000de000000| Complete 
| 481|0x00000000de100000, 0x00000000de200000, 0x00000000de200000|100%| E|CS|TAMS 0x00000000de100000| PB 0x00000000de100000| Complete 
| 482|0x00000000de200000, 0x00000000de300000, 0x00000000de300000|100%| E|CS|TAMS 0x00000000de200000| PB 0x00000000de200000| Complete 
| 483|0x00000000de300000, 0x00000000de400000, 0x00000000de400000|100%| E|CS|TAMS 0x00000000de300000| PB 0x00000000de300000| Complete 
| 484|0x00000000de400000, 0x00000000de500000, 0x00000000de500000|100%| E|CS|TAMS 0x00000000de400000| PB 0x00000000de400000| Complete 
| 485|0x00000000de500000, 0x00000000de600000, 0x00000000de600000|100%| S|CS|TAMS 0x00000000de500000| PB 0x00000000de500000| Complete 
| 486|0x00000000de600000, 0x00000000de700000, 0x00000000de700000|100%| S|CS|TAMS 0x00000000de600000| PB 0x00000000de600000| Complete 
| 487|0x00000000de700000, 0x00000000de800000, 0x00000000de800000|100%| S|CS|TAMS 0x00000000de700000| PB 0x00000000de700000| Complete 
| 488|0x00000000de800000, 0x00000000de900000, 0x00000000de900000|100%| S|CS|TAMS 0x00000000de800000| PB 0x00000000de800000| Complete 
| 489|0x00000000de900000, 0x00000000dea00000, 0x00000000dea00000|100%| S|CS|TAMS 0x00000000de900000| PB 0x00000000de900000| Complete 
| 490|0x00000000dea00000, 0x00000000deb00000, 0x00000000deb00000|100%| S|CS|TAMS 0x00000000dea00000| PB 0x00000000dea00000| Complete 
| 491|0x00000000deb00000, 0x00000000dec00000, 0x00000000dec00000|100%| S|CS|TAMS 0x00000000deb00000| PB 0x00000000deb00000| Complete 
| 492|0x00000000dec00000, 0x00000000ded00000, 0x00000000ded00000|100%| S|CS|TAMS 0x00000000dec00000| PB 0x00000000dec00000| Complete 
| 493|0x00000000ded00000, 0x00000000dee00000, 0x00000000dee00000|100%| S|CS|TAMS 0x00000000ded00000| PB 0x00000000ded00000| Complete 
| 494|0x00000000dee00000, 0x00000000def00000, 0x00000000def00000|100%| S|CS|TAMS 0x00000000dee00000| PB 0x00000000dee00000| Complete 
| 495|0x00000000def00000, 0x00000000df000000, 0x00000000df000000|100%| S|CS|TAMS 0x00000000def00000| PB 0x00000000def00000| Complete 
| 496|0x00000000df000000, 0x00000000df100000, 0x00000000df100000|100%| S|CS|TAMS 0x00000000df000000| PB 0x00000000df000000| Complete 
| 497|0x00000000df100000, 0x00000000df200000, 0x00000000df200000|100%| S|CS|TAMS 0x00000000df100000| PB 0x00000000df100000| Complete 
| 498|0x00000000df200000, 0x00000000df300000, 0x00000000df300000|100%| S|CS|TAMS 0x00000000df200000| PB 0x00000000df200000| Complete 
| 499|0x00000000df300000, 0x00000000df400000, 0x00000000df400000|100%| S|CS|TAMS 0x00000000df300000| PB 0x00000000df300000| Complete 
| 500|0x00000000df400000, 0x00000000df500000, 0x00000000df500000|100%| S|CS|TAMS 0x00000000df400000| PB 0x00000000df400000| Complete 
| 501|0x00000000df500000, 0x00000000df600000, 0x00000000df600000|100%| S|CS|TAMS 0x00000000df500000| PB 0x00000000df500000| Complete 
| 502|0x00000000df600000, 0x00000000df700000, 0x00000000df700000|100%| S|CS|TAMS 0x00000000df600000| PB 0x00000000df600000| Complete 
|1014|0x00000000ff600000, 0x00000000ff700000, 0x00000000ff700000|100%| E|CS|TAMS 0x00000000ff600000| PB 0x00000000ff600000| Complete 
|1015|0x00000000ff700000, 0x00000000ff800000, 0x00000000ff800000|100%| E|CS|TAMS 0x00000000ff700000| PB 0x00000000ff700000| Complete 
|1016|0x00000000ff800000, 0x00000000ff900000, 0x00000000ff900000|100%| E|CS|TAMS 0x00000000ff800000| PB 0x00000000ff800000| Complete 
|1017|0x00000000ff900000, 0x00000000ffa00000, 0x00000000ffa00000|100%| E|CS|TAMS 0x00000000ff900000| PB 0x00000000ff900000| Complete 
|1018|0x00000000ffa00000, 0x00000000ffb00000, 0x00000000ffb00000|100%| O|  |TAMS 0x00000000ffa00000| PB 0x00000000ffa00000| Complete 
|1019|0x00000000ffb00000, 0x00000000ffc00000, 0x00000000ffc00000|100%| O|  |TAMS 0x00000000ffb00000| PB 0x00000000ffb00000| Untracked 
|1020|0x00000000ffc00000, 0x00000000ffd00000, 0x00000000ffd00000|100%| O|  |TAMS 0x00000000ffc00000| PB 0x00000000ffc00000| Untracked 
|1021|0x00000000ffd00000, 0x00000000ffe00000, 0x00000000ffe00000|100%| O|  |TAMS 0x00000000ffd00000| PB 0x00000000ffd00000| Untracked 
|1022|0x00000000ffe00000, 0x00000000fff00000, 0x00000000fff00000|100%| O|  |TAMS 0x00000000ffe00000| PB 0x00000000ffe00000| Untracked 
|1023|0x00000000fff00000, 0x0000000100000000, 0x0000000100000000|100%| E|CS|TAMS 0x00000000fff00000| PB 0x00000000fff00000| Complete 

Card table byte_map: [0x0000000019f60000,0x000000001a160000] _byte_map_base: 0x0000000019960000

Marking Bits: (CMBitMap*) 0x0000000002be1640
 Bits: [0x000000001a360000, 0x000000001b360000)

Polling page: 0x0000000000570000

Metaspace:

Usage:
  Non-class:    195.41 MB used.
      Class:     28.46 MB used.
       Both:    223.87 MB used.

Virtual space:
  Non-class space:      256.00 MB reserved,     197.06 MB ( 77%) committed,  4 nodes.
      Class space:        1.00 GB reserved,      30.06 MB (  3%) committed,  1 nodes.
             Both:        1.25 GB reserved,     227.12 MB ( 18%) committed. 

Chunk freelists:
   Non-Class:  2.64 MB
       Class:  1.98 MB
        Both:  4.62 MB

MaxMetaspaceSize: unlimited
CompressedClassSpaceSize: 1.00 GB
Initial GC threshold: 21.00 MB
Current GC threshold: 366.50 MB
CDS: on
MetaspaceReclaimPolicy: balanced
 - commit_granule_bytes: 65536.
 - commit_granule_words: 8192.
 - virtual_space_node_default_size: 8388608.
 - enlarge_chunks_in_place: 1.
 - new_chunks_are_fully_committed: 0.
 - uncommit_free_chunks: 1.
 - use_allocation_guard: 0.


Internal statistics:

num_allocs_failed_limit: 6.
num_arena_births: 6092.
num_arena_deaths: 0.
num_vsnodes_births: 5.
num_vsnodes_deaths: 0.
num_space_committed: 3629.
num_space_uncommitted: 0.
num_chunks_returned_to_freelist: 6.
num_chunks_taken_from_freelist: 15710.
num_chunk_merges: 6.
num_chunk_splits: 10898.
num_chunks_enlarged: 7643.
num_inconsistent_stats: 0.

CodeHeap 'non-profiled nmethods': size=120000Kb used=16853Kb max_used=16853Kb free=103146Kb
 bounds [0x0000000012720000, 0x00000000137a0000, 0x0000000019c50000]
CodeHeap 'profiled nmethods': size=120000Kb used=45586Kb max_used=45586Kb free=74413Kb
 bounds [0x000000000ac50000, 0x000000000d8e0000, 0x0000000012180000]
CodeHeap 'non-nmethods': size=5760Kb used=3431Kb max_used=3488Kb free=2328Kb
 bounds [0x0000000012180000, 0x0000000012500000, 0x0000000012720000]
 total_blobs=23126 nmethods=21779 adapters=1255
 compilation: enabled
              stopped_count=0, restarted_count=0
 full_count=0

Compilation events (20 events):
Event: 106.384 Thread 0x000000001dea1700 35209       3       kotlin.text.StringsKt__StringsKt::startsWith (36 bytes)
Event: 106.384 Thread 0x000000001dea1700 nmethod 35209 0x000000000d8cc110 code [0x000000000d8cc340, 0x000000000d8ccb30]
Event: 106.389 Thread 0x000000001dea1700 35210       1       com.android.aaptcompiler.android.ResTableConfig::setSdkVersion (6 bytes)
Event: 106.389 Thread 0x000000001dea1700 nmethod 35210 0x0000000013792410 code [0x0000000013792580, 0x0000000013792648]
Event: 106.406 Thread 0x000000001dea1700 35211       3       com.google.common.util.concurrent.SettableFuture::set (6 bytes)
Event: 106.406 Thread 0x000000001dea1700 nmethod 35211 0x000000000d8cce10 code [0x000000000d8ccfa0, 0x000000000d8cd0e0]
Event: 106.428 Thread 0x000000006879bce0 35212   !   4       java.io.BufferedWriter::write (70 bytes)
Event: 106.429 Thread 0x000000001dea1700 35213       1       com.android.aaptcompiler.android.ResTableConfig::setMinorVersion (6 bytes)
Event: 106.429 Thread 0x000000001dea1700 nmethod 35213 0x0000000013792710 code [0x0000000013792880, 0x0000000013792948]
Event: 106.432 Thread 0x000000006879bce0 nmethod 35212 0x0000000013792a10 code [0x0000000013792bc0, 0x00000000137930e8]
Event: 106.437 Thread 0x000000001dea1700 35214       1       com.android.builder.internal.aapt.v2.Aapt2DaemonManager$LeasableAaptDaemon::getDaemon (5 bytes)
Event: 106.437 Thread 0x000000001dea1700 nmethod 35214 0x0000000013793610 code [0x0000000013793780, 0x0000000013793848]
Event: 106.437 Thread 0x000000001dea1700 35215       1       com.android.builder.internal.aapt.v2.Aapt2DaemonManager$LeasableAaptDaemon::setBusy (6 bytes)
Event: 106.437 Thread 0x000000001dea1700 nmethod 35215 0x0000000013793910 code [0x0000000013793a80, 0x0000000013793b50]
Event: 106.457 Thread 0x000000001dea1700 35216       3       com.google.common.util.concurrent.SettableFuture::create (8 bytes)
Event: 106.458 Thread 0x000000001dea1700 nmethod 35216 0x000000000d8cd190 code [0x000000000d8cd340, 0x000000000d8cd660]
Event: 106.458 Thread 0x000000001dea1700 35217       3       com.google.common.util.concurrent.SettableFuture::<init> (5 bytes)
Event: 106.458 Thread 0x000000001dea1700 nmethod 35217 0x000000000d8cd790 code [0x000000000d8cd940, 0x000000000d8cdbc8]
Event: 106.462 Thread 0x000000006879bce0 35218       4       com.sun.org.apache.xerces.internal.impl.XMLEntityScanner::invokeListeners (37 bytes)
Event: 106.465 Thread 0x000000001dea1700 35219       3       com.android.aapt.Resources$XmlNamespace::getSerializedSize (91 bytes)

GC Heap History (20 events):
Event: 82.186 GC heap before
{Heap before GC invocations=77 (full 0):
 garbage-first heap   total 506880K, used 418267K [0x00000000c0000000, 0x0000000100000000)
  region size 1024K, 208 young (212992K), 17 survivors (17408K)
 Metaspace       used 193193K, committed 196416K, reserved 1245184K
  class space    used 24699K, committed 26304K, reserved 1048576K
}
Event: 82.192 GC heap after
{Heap after GC invocations=78 (full 0):
 garbage-first heap   total 506880K, used 217135K [0x00000000c0000000, 0x0000000100000000)
  region size 1024K, 8 young (8192K), 8 survivors (8192K)
 Metaspace       used 193193K, committed 196416K, reserved 1245184K
  class space    used 24699K, committed 26304K, reserved 1048576K
}
Event: 83.864 GC heap before
{Heap before GC invocations=78 (full 0):
 garbage-first heap   total 506880K, used 462895K [0x00000000c0000000, 0x0000000100000000)
  region size 1024K, 248 young (253952K), 8 survivors (8192K)
 Metaspace       used 193193K, committed 196416K, reserved 1245184K
  class space    used 24699K, committed 26304K, reserved 1048576K
}
Event: 83.870 GC heap after
{Heap after GC invocations=79 (full 0):
 garbage-first heap   total 506880K, used 217472K [0x00000000c0000000, 0x0000000100000000)
  region size 1024K, 10 young (10240K), 10 survivors (10240K)
 Metaspace       used 193193K, committed 196416K, reserved 1245184K
  class space    used 24699K, committed 26304K, reserved 1048576K
}
Event: 93.297 GC heap before
{Heap before GC invocations=79 (full 0):
 garbage-first heap   total 506880K, used 469376K [0x00000000c0000000, 0x0000000100000000)
  region size 1024K, 256 young (262144K), 10 survivors (10240K)
 Metaspace       used 195075K, committed 198272K, reserved 1245184K
  class space    used 24944K, committed 26560K, reserved 1048576K
}
Event: 93.303 GC heap after
{Heap after GC invocations=80 (full 0):
 garbage-first heap   total 506880K, used 216334K [0x00000000c0000000, 0x0000000100000000)
  region size 1024K, 9 young (9216K), 9 survivors (9216K)
 Metaspace       used 195075K, committed 198272K, reserved 1245184K
  class space    used 24944K, committed 26560K, reserved 1048576K
}
Event: 93.758 GC heap before
{Heap before GC invocations=81 (full 0):
 garbage-first heap   total 506880K, used 473358K [0x00000000c0000000, 0x0000000100000000)
  region size 1024K, 257 young (263168K), 9 survivors (9216K)
 Metaspace       used 195086K, committed 198336K, reserved 1245184K
  class space    used 24945K, committed 26560K, reserved 1048576K
}
Event: 93.764 GC heap after
{Heap after GC invocations=82 (full 0):
 garbage-first heap   total 506880K, used 218775K [0x00000000c0000000, 0x0000000100000000)
  region size 1024K, 10 young (10240K), 10 survivors (10240K)
 Metaspace       used 195086K, committed 198336K, reserved 1245184K
  class space    used 24945K, committed 26560K, reserved 1048576K
}
Event: 95.100 GC heap before
{Heap before GC invocations=82 (full 0):
 garbage-first heap   total 506880K, used 469655K [0x00000000c0000000, 0x0000000100000000)
  region size 1024K, 254 young (260096K), 10 survivors (10240K)
 Metaspace       used 203377K, committed 206656K, reserved 1245184K
  class space    used 25948K, committed 27584K, reserved 1048576K
}
Event: 95.109 GC heap after
{Heap after GC invocations=83 (full 0):
 garbage-first heap   total 506880K, used 223147K [0x00000000c0000000, 0x0000000100000000)
  region size 1024K, 15 young (15360K), 15 survivors (15360K)
 Metaspace       used 203377K, committed 206656K, reserved 1245184K
  class space    used 25948K, committed 27584K, reserved 1048576K
}
Event: 95.384 GC heap before
{Heap before GC invocations=83 (full 0):
 garbage-first heap   total 506880K, used 292779K [0x00000000c0000000, 0x0000000100000000)
  region size 1024K, 85 young (87040K), 15 survivors (15360K)
 Metaspace       used 203383K, committed 206656K, reserved 1245184K
  class space    used 25948K, committed 27584K, reserved 1048576K
}
Event: 95.391 GC heap after
{Heap after GC invocations=84 (full 0):
 garbage-first heap   total 506880K, used 221000K [0x00000000c0000000, 0x0000000100000000)
  region size 1024K, 15 young (15360K), 15 survivors (15360K)
 Metaspace       used 203383K, committed 206656K, reserved 1245184K
  class space    used 25948K, committed 27584K, reserved 1048576K
}
Event: 96.259 GC heap before
{Heap before GC invocations=85 (full 0):
 garbage-first heap   total 506880K, used 463688K [0x00000000c0000000, 0x0000000100000000)
  region size 1024K, 251 young (257024K), 15 survivors (15360K)
 Metaspace       used 203863K, committed 207168K, reserved 1245184K
  class space    used 26004K, committed 27648K, reserved 1048576K
}
Event: 96.267 GC heap after
{Heap after GC invocations=86 (full 0):
 garbage-first heap   total 506880K, used 224416K [0x00000000c0000000, 0x0000000100000000)
  region size 1024K, 17 young (17408K), 17 survivors (17408K)
 Metaspace       used 203863K, committed 207168K, reserved 1245184K
  class space    used 26004K, committed 27648K, reserved 1048576K
}
Event: 101.596 GC heap before
{Heap before GC invocations=86 (full 0):
 garbage-first heap   total 506880K, used 460960K [0x00000000c0000000, 0x0000000100000000)
  region size 1024K, 249 young (254976K), 17 survivors (17408K)
 Metaspace       used 220832K, committed 224128K, reserved 1245184K
  class space    used 28332K, committed 29952K, reserved 1048576K
}
Event: 101.607 GC heap after
{Heap after GC invocations=87 (full 0):
 garbage-first heap   total 506880K, used 225406K [0x00000000c0000000, 0x0000000100000000)
  region size 1024K, 19 young (19456K), 19 survivors (19456K)
 Metaspace       used 220832K, committed 224128K, reserved 1245184K
  class space    used 28332K, committed 29952K, reserved 1048576K
}
Event: 102.706 GC heap before
{Heap before GC invocations=87 (full 0):
 garbage-first heap   total 506880K, used 458878K [0x00000000c0000000, 0x0000000100000000)
  region size 1024K, 248 young (253952K), 19 survivors (19456K)
 Metaspace       used 221705K, committed 225024K, reserved 1245184K
  class space    used 28429K, committed 30080K, reserved 1048576K
}
Event: 102.715 GC heap after
{Heap after GC invocations=88 (full 0):
 garbage-first heap   total 506880K, used 225223K [0x00000000c0000000, 0x0000000100000000)
  region size 1024K, 16 young (16384K), 16 survivors (16384K)
 Metaspace       used 221705K, committed 225024K, reserved 1245184K
  class space    used 28429K, committed 30080K, reserved 1048576K
}
Event: 104.876 GC heap before
{Heap before GC invocations=89 (full 0):
 garbage-first heap   total 506880K, used 494535K [0x00000000c0000000, 0x0000000100000000)
  region size 1024K, 249 young (254976K), 16 survivors (16384K)
 Metaspace       used 225818K, committed 229120K, reserved 1310720K
  class space    used 28782K, committed 30400K, reserved 1048576K
}
Event: 104.887 GC heap after
{Heap after GC invocations=90 (full 0):
 garbage-first heap   total 525312K, used 238535K [0x00000000c0000000, 0x0000000100000000)
  region size 1024K, 29 young (29696K), 29 survivors (29696K)
 Metaspace       used 225818K, committed 229120K, reserved 1310720K
  class space    used 28782K, committed 30400K, reserved 1048576K
}

Dll operation events (17 events):
Event: 0.004 Loaded shared library C:\Users\admin\jdk\bin\java.dll
Event: 0.015 Loaded shared library C:\Users\admin\jdk\bin\jsvml.dll
Event: 0.044 Loaded shared library C:\Users\admin\jdk\bin\zip.dll
Event: 0.045 Loaded shared library C:\Users\admin\jdk\bin\instrument.dll
Event: 0.047 Loaded shared library C:\Users\admin\jdk\bin\net.dll
Event: 0.048 Loaded shared library C:\Users\admin\jdk\bin\nio.dll
Event: 0.049 Loaded shared library C:\Users\admin\jdk\bin\zip.dll
Event: 0.182 Loaded shared library C:\Users\admin\jdk\bin\jimage.dll
Event: 0.252 Loaded shared library C:\Users\admin\jdk\bin\verify.dll
Event: 0.308 Loaded shared library C:\Users\admin\.gradle\native\1def1411415f61bf3af743bc5b6707747c0891f09f0c88961ee8f79bc544acac\windows-amd64\native-platform.dll
Event: 0.314 Loaded shared library C:\Users\admin\.gradle\native\0.2.7\x86_64-windows-gnu\gradle-fileevents.dll
Event: 1.027 Loaded shared library C:\Users\admin\jdk\bin\management.dll
Event: 1.029 Loaded shared library C:\Users\admin\jdk\bin\management_ext.dll
Event: 1.114 Loaded shared library C:\Users\admin\jdk\bin\extnet.dll
Event: 1.229 Loaded shared library C:\Users\admin\jdk\bin\sunmscapi.dll
Event: 8.023 Loaded shared library C:\Users\admin\jdk\bin\rmi.dll
Event: 84.337 Loaded shared library C:\Users\admin\AppData\Local\Temp\native-platform7450356450905851115dir\native-platform.dll

Deoptimization events (20 events):
Event: 106.262 Thread 0x000000006b33d1e0 Uncommon trap: trap_request=0xffffff45 fr.pc=0x00000000133a8eb8 relative=0x00000000000004d8
Event: 106.262 Thread 0x000000006b33d1e0 Uncommon trap: reason=unstable_if action=reinterpret pc=0x00000000133a8eb8 method=com.sun.org.apache.xerces.internal.impl.XMLEntityScanner.scanLiteral(ILcom/sun/org/apache/xerces/internal/xni/XMLString;Z)I @ 181 c2
Event: 106.262 Thread 0x000000006b33d1e0 DEOPT PACKING pc=0x00000000133a8eb8 sp=0x000000006c5a7330
Event: 106.262 Thread 0x000000006b33d1e0 DEOPT UNPACKING pc=0x00000000121e9d22 sp=0x000000006c5a72d8 mode 2
Event: 106.262 Thread 0x000000006b33d1e0 Uncommon trap: trap_request=0xffffff45 fr.pc=0x000000001366c47c relative=0x000000000000117c
Event: 106.262 Thread 0x000000006b33d1e0 Uncommon trap: reason=unstable_if action=reinterpret pc=0x000000001366c47c method=com.sun.org.apache.xerces.internal.impl.XMLScanner.scanAttributeValue(Lcom/sun/org/apache/xerces/internal/xni/XMLString;Lcom/sun/org/apache/xerces/internal/xni/XMLString;Lja
Event: 106.262 Thread 0x000000006b33d1e0 DEOPT PACKING pc=0x000000001366c47c sp=0x000000006c5a73a0
Event: 106.262 Thread 0x000000006b33d1e0 DEOPT UNPACKING pc=0x00000000121e9d22 sp=0x000000006c5a7328 mode 2
Event: 106.310 Thread 0x000000006b33d1e0 Uncommon trap: trap_request=0xffffff45 fr.pc=0x0000000013712574 relative=0x0000000000000494
Event: 106.310 Thread 0x000000006b33d1e0 Uncommon trap: reason=unstable_if action=reinterpret pc=0x0000000013712574 method=com.android.aapt.ConfigurationOuterClass$Configuration.getSerializedSize()I @ 537 c2
Event: 106.310 Thread 0x000000006b33d1e0 DEOPT PACKING pc=0x0000000013712574 sp=0x000000006c5a7870
Event: 106.310 Thread 0x000000006b33d1e0 DEOPT UNPACKING pc=0x00000000121e9d22 sp=0x000000006c5a7800 mode 2
Event: 106.323 Thread 0x000000006b33d1e0 Uncommon trap: trap_request=0xffffff45 fr.pc=0x0000000013789ec0 relative=0x0000000000000c60
Event: 106.323 Thread 0x000000006b33d1e0 Uncommon trap: reason=unstable_if action=reinterpret pc=0x0000000013789ec0 method=com.android.aaptcompiler.ResourceUtilsKt.parseReference(Ljava/lang/String;)Lcom/android/aaptcompiler/ReferenceInfo; @ 68 c2
Event: 106.323 Thread 0x000000006b33d1e0 DEOPT PACKING pc=0x0000000013789ec0 sp=0x000000006c5a74f0
Event: 106.323 Thread 0x000000006b33d1e0 DEOPT UNPACKING pc=0x00000000121e9d22 sp=0x000000006c5a74a0 mode 2
Event: 106.324 Thread 0x000000006b33d1e0 Uncommon trap: trap_request=0xffffff45 fr.pc=0x00000000136b133c relative=0x00000000000001bc
Event: 106.324 Thread 0x000000006b33d1e0 Uncommon trap: reason=unstable_if action=reinterpret pc=0x00000000136b133c method=com.android.aaptcompiler.ResourceName.equals(Ljava/lang/Object;)Z @ 45 c2
Event: 106.324 Thread 0x000000006b33d1e0 DEOPT PACKING pc=0x00000000136b133c sp=0x000000006c5a7490
Event: 106.324 Thread 0x000000006b33d1e0 DEOPT UNPACKING pc=0x00000000121e9d22 sp=0x000000006c5a7420 mode 2

Classes loaded (20 events):
Event: 105.303 Loading class java/util/concurrent/Executors$DelegatedScheduledExecutorService
Event: 105.303 Loading class java/util/concurrent/Executors$DelegatedExecutorService
Event: 105.303 Loading class java/util/concurrent/Executors$DelegatedExecutorService done
Event: 105.303 Loading class java/util/concurrent/Executors$DelegatedScheduledExecutorService done
Event: 105.629 Loading class java/net/HttpURLConnection
Event: 105.629 Loading class java/net/HttpURLConnection done
Event: 105.717 Loading class java/util/TreeMap$DescendingSubMap
Event: 105.717 Loading class java/util/TreeMap$NavigableSubMap
Event: 105.718 Loading class java/util/TreeMap$NavigableSubMap done
Event: 105.718 Loading class java/util/TreeMap$DescendingSubMap done
Event: 105.718 Loading class java/util/TreeMap$DescendingSubMap$DescendingEntrySetView
Event: 105.718 Loading class java/util/TreeMap$NavigableSubMap$EntrySetView
Event: 105.718 Loading class java/util/TreeMap$NavigableSubMap$EntrySetView done
Event: 105.718 Loading class java/util/TreeMap$DescendingSubMap$DescendingEntrySetView done
Event: 105.718 Loading class java/util/TreeMap$NavigableSubMap$DescendingSubMapEntryIterator
Event: 105.718 Loading class java/util/TreeMap$NavigableSubMap$SubMapIterator
Event: 105.719 Loading class java/util/TreeMap$NavigableSubMap$SubMapIterator done
Event: 105.719 Loading class java/util/TreeMap$NavigableSubMap$DescendingSubMapEntryIterator done
Event: 106.113 Loading class com/sun/org/apache/xerces/internal/dom/DeepNodeListImpl
Event: 106.113 Loading class com/sun/org/apache/xerces/internal/dom/DeepNodeListImpl done

Classes unloaded (0 events):
No events

Classes redefined (0 events):
No events

Internal exceptions (20 events):
Event: 106.058 Thread 0x000000006b33d1e0 Exception <a 'sun/nio/fs/WindowsException'{0x00000000d596aaa8}> (0x00000000d596aaa8) 
thrown [s\open\src\hotspot\share\prims\jni.cpp, line 519]
Event: 106.058 Thread 0x000000006b33d1e0 Exception <a 'sun/nio/fs/WindowsException'{0x00000000d596bc38}> (0x00000000d596bc38) 
thrown [s\open\src\hotspot\share\prims\jni.cpp, line 519]
Event: 106.058 Thread 0x000000006b33d1e0 Exception <a 'sun/nio/fs/WindowsException'{0x00000000d596bdb8}> (0x00000000d596bdb8) 
thrown [s\open\src\hotspot\share\prims\jni.cpp, line 519]
Event: 106.122 Thread 0x000000006b33d1e0 Exception <a 'sun/nio/fs/WindowsException'{0x00000000d5265810}> (0x00000000d5265810) 
thrown [s\open\src\hotspot\share\prims\jni.cpp, line 519]
Event: 106.127 Thread 0x000000006b33d1e0 Exception <a 'java/lang/NoSuchMethodError'{0x00000000d52eae00}: 'java.lang.Object java.lang.invoke.Invokers$Holder.invokeExact_MT(java.lang.Object, java.lang.Object, java.lang.Object, int, java.lang.Object, java.lang.Object)'> (0x00000000d52eae00) 
thrown [s\open\src\hotspot\share\interpreter\linkResolver.cpp, line 773]
Event: 106.189 Thread 0x000000006b33d1e0 Exception <a 'sun/nio/fs/WindowsException'{0x00000000d4711b88}> (0x00000000d4711b88) 
thrown [s\open\src\hotspot\share\prims\jni.cpp, line 519]
Event: 106.207 Thread 0x000000006b33d1e0 Exception <a 'sun/nio/fs/WindowsException'{0x00000000d47db2a8}> (0x00000000d47db2a8) 
thrown [s\open\src\hotspot\share\prims\jni.cpp, line 519]
Event: 106.222 Thread 0x000000006b33d1e0 Exception <a 'sun/nio/fs/WindowsException'{0x00000000d4543290}> (0x00000000d4543290) 
thrown [s\open\src\hotspot\share\prims\jni.cpp, line 519]
Event: 106.229 Thread 0x000000006b33d1e0 Exception <a 'sun/nio/fs/WindowsException'{0x00000000d441c690}> (0x00000000d441c690) 
thrown [s\open\src\hotspot\share\prims\jni.cpp, line 519]
Event: 106.235 Thread 0x000000006b33d1e0 Exception <a 'sun/nio/fs/WindowsException'{0x00000000d4468500}> (0x00000000d4468500) 
thrown [s\open\src\hotspot\share\prims\jni.cpp, line 519]
Event: 106.235 Thread 0x000000006b33d1e0 Exception <a 'sun/nio/fs/WindowsException'{0x00000000d446aa88}> (0x00000000d446aa88) 
thrown [s\open\src\hotspot\share\prims\jni.cpp, line 519]
Event: 106.235 Thread 0x000000006b33d1e0 Exception <a 'sun/nio/fs/WindowsException'{0x00000000d446d328}> (0x00000000d446d328) 
thrown [s\open\src\hotspot\share\prims\jni.cpp, line 519]
Event: 106.235 Thread 0x000000006b33d1e0 Exception <a 'sun/nio/fs/WindowsException'{0x00000000d446fc30}> (0x00000000d446fc30) 
thrown [s\open\src\hotspot\share\prims\jni.cpp, line 519]
Event: 106.235 Thread 0x000000006b33d1e0 Exception <a 'sun/nio/fs/WindowsException'{0x00000000d4472428}> (0x00000000d4472428) 
thrown [s\open\src\hotspot\share\prims\jni.cpp, line 519]
Event: 106.237 Thread 0x000000006b33d1e0 Exception <a 'java/lang/NoSuchMethodError'{0x00000000d44cfbe8}: static Lcom/android/build/gradle/internal/scope/InternalArtifactType;.<clinit>()V> (0x00000000d44cfbe8) 
thrown [s\open\src\hotspot\share\prims\jni.cpp, line 1105]
Event: 106.238 Thread 0x000000006b33d1e0 Exception <a 'java/lang/NoSuchMethodError'{0x00000000d44d14c8}: static Lcom/android/build/gradle/internal/scope/InternalArtifactType;.<clinit>()V> (0x00000000d44d14c8) 
thrown [s\open\src\hotspot\share\prims\jni.cpp, line 1105]
Event: 106.238 Thread 0x000000006b33d1e0 Exception <a 'java/lang/NoSuchMethodError'{0x00000000d44d4f70}: static Lcom/android/build/api/artifact/Artifact$Single;.<clinit>()V> (0x00000000d44d4f70) 
thrown [s\open\src\hotspot\share\prims\jni.cpp, line 1105]
Event: 106.238 Thread 0x000000006b33d1e0 Exception <a 'java/lang/NoSuchMethodError'{0x00000000d44d73d0}: static Ljava/lang/Object;.<clinit>()V> (0x00000000d44d73d0) 
thrown [s\open\src\hotspot\share\prims\jni.cpp, line 1105]
Event: 106.238 Thread 0x000000006b33d1e0 Exception <a 'java/lang/NoSuchMethodError'{0x00000000d44f3c78}: static Lcom/android/build/api/artifact/ArtifactKind;.<clinit>()V> (0x00000000d44f3c78) 
thrown [s\open\src\hotspot\share\prims\jni.cpp, line 1105]
Event: 106.238 Thread 0x000000006b33d1e0 Exception <a 'java/lang/NoSuchMethodError'{0x00000000d44f5130}: static Lcom/android/build/api/artifact/ArtifactKind;.<clinit>()V> (0x00000000d44f5130) 
thrown [s\open\src\hotspot\share\prims\jni.cpp, line 1105]

VM Operations (20 events):
Event: 103.452 Executing VM operation: HandshakeAllThreads
Event: 103.452 Executing VM operation: HandshakeAllThreads done
Event: 103.486 Executing VM operation: HandshakeAllThreads
Event: 103.487 Executing VM operation: HandshakeAllThreads done
Event: 103.855 Executing VM operation: ICBufferFull
Event: 103.855 Executing VM operation: ICBufferFull done
Event: 104.570 Executing VM operation: HandshakeAllThreads
Event: 104.570 Executing VM operation: HandshakeAllThreads done
Event: 104.572 Executing VM operation: HandshakeAllThreads
Event: 104.572 Executing VM operation: HandshakeAllThreads done
Event: 104.875 Executing VM operation: G1CollectForAllocation
Event: 104.887 Executing VM operation: G1CollectForAllocation done
Event: 105.069 Executing VM operation: ICBufferFull
Event: 105.069 Executing VM operation: ICBufferFull done
Event: 105.634 Executing VM operation: ICBufferFull
Event: 105.634 Executing VM operation: ICBufferFull done
Event: 105.638 Executing VM operation: HandshakeAllThreads
Event: 105.638 Executing VM operation: HandshakeAllThreads done
Event: 106.196 Executing VM operation: ICBufferFull
Event: 106.196 Executing VM operation: ICBufferFull done

Events (20 events):
Event: 102.827 Thread 0x000000001de4fbf0 flushing nmethod 0x0000000012cb5890
Event: 102.827 Thread 0x000000001de4fbf0 flushing nmethod 0x0000000012ab3e10
Event: 102.827 Thread 0x000000001de4fbf0 flushing nmethod 0x0000000012cb5410
Event: 102.827 Thread 0x000000001de4fbf0 flushing nmethod 0x0000000012c0df90
Event: 102.827 Thread 0x000000001de4fbf0 flushing nmethod 0x0000000012b8e210
Event: 102.827 Thread 0x000000001de4fbf0 flushing nmethod 0x0000000012ac1a90
Event: 102.827 Thread 0x000000001de4fbf0 flushing nmethod 0x0000000012a6dd10
Event: 102.827 Thread 0x000000001de4fbf0 flushing nmethod 0x00000000129a2c10
Event: 102.827 Thread 0x000000001de4fbf0 flushing nmethod 0x0000000012910990
Event: 102.827 Thread 0x000000001de4fbf0 flushing nmethod 0x0000000012910510
Event: 102.827 Thread 0x000000001de4fbf0 flushing nmethod 0x0000000012884990
Event: 102.827 Thread 0x000000001de4fbf0 flushing nmethod 0x00000000128f6710
Event: 102.827 Thread 0x000000001de4fbf0 flushing nmethod 0x0000000012887a10
Event: 102.827 Thread 0x000000001de4fbf0 flushing nmethod 0x000000001275df90
Event: 102.827 Thread 0x000000001de4fbf0 flushing nmethod 0x000000001273f490
Event: 102.827 Thread 0x000000001de4fbf0 flushing nmethod 0x0000000012746c90
Event: 102.827 Thread 0x000000001de4fbf0 flushing nmethod 0x000000001273ac90
Event: 105.303 Thread 0x0000000072f8afe0 Thread added: 0x0000000072f8afe0
Event: 105.313 Thread 0x0000000072f8b530 Thread added: 0x0000000072f8b530
Event: 105.314 Thread 0x0000000072f8ba80 Thread added: 0x0000000072f8ba80


Dynamic libraries:
0x00007ff64afa0000 - 0x00007ff64afae000 	C:\Users\admin\jdk\bin\java.exe
0x00007fff62080000 - 0x00007fff622e7000 	C:\WINDOWS\SYSTEM32\ntdll.dll
0x00007fff5ff70000 - 0x00007fff60039000 	C:\WINDOWS\System32\KERNEL32.DLL
0x00007fff5f9e0000 - 0x00007fff5fdd4000 	C:\WINDOWS\System32\KERNELBASE.dll
0x00007fff5ea00000 - 0x00007fff5eb4b000 	C:\WINDOWS\System32\ucrtbase.dll
0x00007fff5b570000 - 0x00007fff5b587000 	C:\Users\admin\jdk\bin\jli.dll
0x00007fff54e90000 - 0x00007fff54eab000 	C:\Users\admin\jdk\bin\VCRUNTIME140.dll
0x00007fff616b0000 - 0x00007fff61875000 	C:\WINDOWS\System32\USER32.dll
0x00007fff5fde0000 - 0x00007fff5fe07000 	C:\WINDOWS\System32\win32u.dll
0x00007fff46e60000 - 0x00007fff470f3000 	C:\WINDOWS\WinSxS\amd64_microsoft.windows.common-controls_6595b64144ccf1df_6.0.26100.8115_none_3e075c82e3354f9c\COMCTL32.dll
0x00007fff5fec0000 - 0x00007fff5feeb000 	C:\WINDOWS\System32\GDI32.dll
0x00007fff60e90000 - 0x00007fff60f39000 	C:\WINDOWS\System32\msvcrt.dll
0x00007fff5f6b0000 - 0x00007fff5f7db000 	C:\WINDOWS\System32\gdi32full.dll
0x00007fff5e950000 - 0x00007fff5e9f3000 	C:\WINDOWS\System32\msvcp_win.dll
0x00007fff60a40000 - 0x00007fff60a72000 	C:\WINDOWS\System32\IMM32.DLL
0x00007fff54e80000 - 0x00007fff54e8c000 	C:\Users\admin\jdk\bin\vcruntime140_1.dll
0x00007fff40040000 - 0x00007fff400ce000 	C:\Users\admin\jdk\bin\msvcp140.dll
0x00007fff162a0000 - 0x00007fff16f38000 	C:\Users\admin\jdk\bin\server\jvm.dll
0x00007fff60100000 - 0x00007fff601b6000 	C:\WINDOWS\System32\ADVAPI32.dll
0x00007fff5fe10000 - 0x00007fff5feb7000 	C:\WINDOWS\System32\sechost.dll
0x00007fff61920000 - 0x00007fff61a38000 	C:\WINDOWS\System32\RPCRT4.dll
0x00007fff5c150000 - 0x00007fff5c15a000 	C:\WINDOWS\SYSTEM32\WSOCK32.dll
0x00007fff3fe00000 - 0x00007fff3fe36000 	C:\WINDOWS\SYSTEM32\WINMM.dll
0x00007fff61890000 - 0x00007fff61910000 	C:\WINDOWS\System32\WS2_32.dll
0x00007fff58c50000 - 0x00007fff58c5b000 	C:\WINDOWS\SYSTEM32\VERSION.dll
0x00007fff5d6e0000 - 0x00007fff5d6fb000 	C:\WINDOWS\SYSTEM32\kernel.appcore.dll
0x00007fff52cb0000 - 0x00007fff52cba000 	C:\Users\admin\jdk\bin\jimage.dll
0x00007fff36030000 - 0x00007fff36272000 	C:\WINDOWS\SYSTEM32\DBGHELP.DLL
0x00007fff60a80000 - 0x00007fff60e02000 	C:\WINDOWS\System32\combase.dll
0x00007fff615c0000 - 0x00007fff61698000 	C:\WINDOWS\System32\OLEAUT32.dll
0x00007fff52560000 - 0x00007fff5259b000 	C:\WINDOWS\SYSTEM32\dbgcore.DLL
0x00007fff5f7e0000 - 0x00007fff5f885000 	C:\WINDOWS\System32\bcryptPrimitives.dll
0x00007fff527b0000 - 0x00007fff527be000 	C:\Users\admin\jdk\bin\instrument.dll
0x00007fff52ba0000 - 0x00007fff52bc6000 	C:\Users\admin\jdk\bin\java.dll
0x00007fff3b5c0000 - 0x00007fff3b697000 	C:\Users\admin\jdk\bin\jsvml.dll
0x00007fff601c0000 - 0x00007fff60927000 	C:\WINDOWS\System32\SHELL32.dll
0x00007fff5eb50000 - 0x00007fff5ecba000 	C:\WINDOWS\System32\wintypes.dll
0x00007fff5ee40000 - 0x00007fff5f6a8000 	C:\WINDOWS\System32\windows.storage.dll
0x00007fff60940000 - 0x00007fff60a38000 	C:\WINDOWS\System32\SHCORE.dll
0x00007fff60040000 - 0x00007fff600a6000 	C:\WINDOWS\System32\shlwapi.dll
0x00007fff5e870000 - 0x00007fff5e899000 	C:\WINDOWS\SYSTEM32\profapi.dll
0x00007fff52850000 - 0x00007fff52868000 	C:\Users\admin\jdk\bin\zip.dll
0x00007fff52a00000 - 0x00007fff52a13000 	C:\Users\admin\jdk\bin\net.dll
0x00007fff58720000 - 0x00007fff5884d000 	C:\WINDOWS\SYSTEM32\WINHTTP.dll
0x00007fff5dc50000 - 0x00007fff5dcbc000 	C:\WINDOWS\system32\mswsock.dll
0x00007fff529b0000 - 0x00007fff529c6000 	C:\Users\admin\jdk\bin\nio.dll
0x00007fff52ca0000 - 0x00007fff52cb0000 	C:\Users\admin\jdk\bin\verify.dll
0x00007fff522e0000 - 0x00007fff52307000 	C:\Users\admin\.gradle\native\1def1411415f61bf3af743bc5b6707747c0891f09f0c88961ee8f79bc544acac\windows-amd64\native-platform.dll
0x00007fff44d40000 - 0x00007fff44db8000 	C:\Users\admin\.gradle\native\0.2.7\x86_64-windows-gnu\gradle-fileevents.dll
0x00007fff529f0000 - 0x00007fff529fa000 	C:\Users\admin\jdk\bin\management.dll
0x00007fff52840000 - 0x00007fff5284b000 	C:\Users\admin\jdk\bin\management_ext.dll
0x00007fff61880000 - 0x00007fff61888000 	C:\WINDOWS\System32\PSAPI.DLL
0x00007fff5d0e0000 - 0x00007fff5d112000 	C:\WINDOWS\SYSTEM32\IPHLPAPI.DLL
0x00007fff60930000 - 0x00007fff6093a000 	C:\WINDOWS\System32\NSI.dll
0x00007fff58510000 - 0x00007fff5852d000 	C:\WINDOWS\SYSTEM32\dhcpcsvc6.DLL
0x00007fff58a90000 - 0x00007fff58ab5000 	C:\WINDOWS\SYSTEM32\dhcpcsvc.DLL
0x00007fff5d120000 - 0x00007fff5d252000 	C:\WINDOWS\SYSTEM32\DNSAPI.dll
0x00007fff527c0000 - 0x00007fff527c7000 	C:\Users\admin\jdk\bin\extnet.dll
0x00007fff5df30000 - 0x00007fff5df4b000 	C:\WINDOWS\SYSTEM32\CRYPTSP.dll
0x00007fff5d640000 - 0x00007fff5d679000 	C:\WINDOWS\system32\rsaenh.dll
0x00007fff5dd00000 - 0x00007fff5dd33000 	C:\WINDOWS\SYSTEM32\USERENV.dll
0x00007fff5e840000 - 0x00007fff5e86a000 	C:\WINDOWS\SYSTEM32\bcrypt.dll
0x00007fff5df50000 - 0x00007fff5df5c000 	C:\WINDOWS\SYSTEM32\CRYPTBASE.dll
0x00007fff52240000 - 0x00007fff5224e000 	C:\Users\admin\jdk\bin\sunmscapi.dll
0x00007fff5ecc0000 - 0x00007fff5ee37000 	C:\WINDOWS\System32\CRYPT32.dll
0x00007fff5e150000 - 0x00007fff5e180000 	C:\WINDOWS\SYSTEM32\ncrypt.dll
0x00007fff5e100000 - 0x00007fff5e13f000 	C:\WINDOWS\SYSTEM32\NTASN1.dll
0x00007fff52230000 - 0x00007fff52238000 	C:\WINDOWS\system32\wshunix.dll
0x00007fff52c50000 - 0x00007fff52c68000 	C:\WINDOWS\system32\napinsp.dll
0x00007fff52b50000 - 0x00007fff52b63000 	C:\WINDOWS\System32\winrnr.dll
0x00007fff231e0000 - 0x00007fff23202000 	C:\WINDOWS\system32\nlansp_c.dll
0x00007fff4c520000 - 0x00007fff4c536000 	C:\WINDOWS\system32\wshbth.dll
0x00007fff58430000 - 0x00007fff5843b000 	C:\Windows\System32\rasadhlp.dll
0x00007fff57590000 - 0x00007fff57616000 	C:\WINDOWS\System32\fwpuclnt.dll
0x00007fff51f20000 - 0x00007fff51f27000 	C:\Users\admin\jdk\bin\rmi.dll
0x00007fff5d800000 - 0x00007fff5d836000 	C:\WINDOWS\SYSTEM32\ntmarta.dll
0x00007fff500c0000 - 0x00007fff500de000 	C:\Users\admin\AppData\Local\Temp\native-platform7450356450905851115dir\native-platform.dll
0x00007fff5c260000 - 0x00007fff5c2ff000 	C:\WINDOWS\system32\apphelp.dll

dbghelp: loaded successfully - version: 4.0.5 - missing functions: none
symbol engine: initialized successfully - sym options: 0x614 - pdb path: .;C:\Users\admin\jdk\bin;C:\WINDOWS\SYSTEM32;C:\WINDOWS\WinSxS\amd64_microsoft.windows.common-controls_6595b64144ccf1df_6.0.26100.8115_none_3e075c82e3354f9c;C:\Users\admin\jdk\bin\server;C:\Users\admin\.gradle\native\1def1411415f61bf3af743bc5b6707747c0891f09f0c88961ee8f79bc544acac\windows-amd64;C:\Users\admin\.gradle\native\0.2.7\x86_64-windows-gnu;C:\Users\admin\AppData\Local\Temp\native-platform7450356450905851115dir

VM Arguments:
jvm_args: --add-opens=java.base/java.lang=ALL-UNNAMED --add-opens=java.base/java.lang.invoke=ALL-UNNAMED --add-opens=java.base/java.util=ALL-UNNAMED --add-opens=java.prefs/java.util.prefs=ALL-UNNAMED --add-exports=jdk.compiler/com.sun.tools.javac.api=ALL-UNNAMED --add-exports=jdk.compiler/com.sun.tools.javac.util=ALL-UNNAMED --add-opens=java.base/java.util=ALL-UNNAMED --add-opens=java.prefs/java.util.prefs=ALL-UNNAMED --add-opens=java.base/java.nio.charset=ALL-UNNAMED --add-opens=java.base/java.net=ALL-UNNAMED --add-opens=java.base/java.util.concurrent.atomic=ALL-UNNAMED --add-opens=java.xml/javax.xml.namespace=ALL-UNNAMED -Xmx1024m -Dfile.encoding=UTF-8 -Duser.country=CN -Duser.language=zh -Duser.variant -javaagent:C:\Users\admin\.gradle\wrapper\dists\gradle-8.14.3-bin\cv11ve7ro1n3o1j4so8xd9n66\gradle-8.14.3\lib\agents\gradle-instrumentation-agent-8.14.3.jar 
java_command: org.gradle.launcher.daemon.bootstrap.GradleDaemon 8.14.3
java_class_path (initial): C:\Users\admin\.gradle\wrapper\dists\gradle-8.14.3-bin\cv11ve7ro1n3o1j4so8xd9n66\gradle-8.14.3\lib\gradle-daemon-main-8.14.3.jar
Launcher Type: SUN_STANDARD

[Global flags]
     intx CICompilerCount                          = 3                                         {product} {ergonomic}
     uint ConcGCThreads                            = 2                                         {product} {ergonomic}
     uint G1ConcRefinementThreads                  = 6                                         {product} {ergonomic}
   size_t G1HeapRegionSize                         = 1048576                                   {product} {ergonomic}
    uintx GCDrainStackTargetSize                   = 64                                        {product} {ergonomic}
   size_t InitialHeapSize                          = 134217728                                 {product} {ergonomic}
   size_t MarkStackSize                            = 4194304                                   {product} {ergonomic}
   size_t MaxHeapSize                              = 1073741824                                {product} {command line}
   size_t MaxNewSize                               = 643825664                                 {product} {ergonomic}
   size_t MinHeapDeltaBytes                        = 1048576                                   {product} {ergonomic}
   size_t MinHeapSize                              = 8388608                                   {product} {ergonomic}
    uintx NonNMethodCodeHeapSize                   = 5832780                                {pd product} {ergonomic}
    uintx NonProfiledCodeHeapSize                  = 122912730                              {pd product} {ergonomic}
    uintx ProfiledCodeHeapSize                     = 122912730                              {pd product} {ergonomic}
    uintx ReservedCodeCacheSize                    = 251658240                              {pd product} {ergonomic}
     bool SegmentedCodeCache                       = true                                      {product} {ergonomic}
   size_t SoftMaxHeapSize                          = 1073741824                             {manageable} {ergonomic}
     bool UseCompressedClassPointers               = true                           {product lp64_product} {ergonomic}
     bool UseCompressedOops                        = true                           {product lp64_product} {ergonomic}
     bool UseG1GC                                  = true                                      {product} {ergonomic}
     bool UseLargePagesIndividualAllocation        = false                                  {pd product} {ergonomic}

Logging:
Log output configuration:
 #0: stdout all=warning uptime,level,tags foldmultilines=false
 #1: stderr all=off uptime,level,tags foldmultilines=false

Environment Variables:
JAVA_HOME=C:\Users\admin\jdk
CLASSPATH=C:\MyWork\tmpcode\tauri2demo\backend\src-tauri\gen\android\\gradle\wrapper\gradle-wrapper.jar
PATH=./node_modules/.bin;C:\MyWork\tmpcode\tauri2demo\node_modules\.bin;C:\Users\admin\AppData\Local\pnpm\.tools\pnpm\10.19.0\bin;C:\Users\admin\.rustup\toolchains\stable-x86_64-pc-windows-gnu\lib\rustlib\x86_64-pc-windows-gnu\bin\self-contained;C:\Users\admin\.local\bin;C:\Users\admin\.npm\bin;C:\Users\admin\go\bin;;C:\Users\admin\.x-cmd.root\local\data\pkg\sphere\X\l\j\h\bin;C:\Users\admin\.x-cmd.root\bin;C:\Users\admin\bin;C:\Program Files\Git\mingw64\bin;C:\Program Files\Git\usr\local\bin;C:\Program Files\Git\usr\bin;C:\Program Files\Git\usr\bin;C:\Program Files\Git\mingw64\bin;C:\Program Files\Git\usr\bin;C:\Users\admin\bin;C:\Program Files\OpenSSH;C:\WINDOWS\system32;C:\WINDOWS;C:\WINDOWS\System32\Wbem;C:\WINDOWS\System32\WindowsPowerShell\v1.0;C:\WINDOWS\System32\OpenSSH;C:\Program Files\Git\cmd;C:\msys64\mingw64\bin;C:\Users\admin\.cargo\bin;C:\Users\admin\.local\bin;C:\Program Files\Git\cmd;C:\Users\admin\jdk\bin;C:\Users\admin\AppData\Local\Microsoft\WindowsApps;C:\GreenSoft\Alias;C:\Users\admin\.g\bin;C:\Users\admin\.g\go\bin;C:\Users\admin\go\bin;C:\Users\admin\.jvms\bin;C:\Users\admin\.nvm;C:\Users\admin\.nvm\nodejs;C:\Users\admin\npm_global;C:\Users\admin\.x-cmd.root\bin;C:\DevDisk\DevTools\AndroidSDK\platform-tools;C:\Program Files\Git\usr\bin\vendor_perl;C:\Program Files\Git\usr\bin\core_perl
USERNAME=admin
SHELL=C:\Program Files\Git\usr\bin\bash.exe
DISPLAY=needs-to-be-defined
LANG=zh_CN.UTF-8
TERM=xterm-256color
TMPDIR=C:\Users\admin\AppData\Local\Temp
OS=Windows_NT
PROCESSOR_IDENTIFIER=Intel64 Family 6 Model 151 Stepping 5, GenuineIntel
TMP=C:\Users\admin\AppData\Local\Temp
TEMP=C:\Users\admin\AppData\Local\Temp




---------------  S Y S T E M  ---------------

OS:
 Windows 11 , 64 bit Build 26100 (10.0.26100.8246)
OS uptime: 0 days 8:34 hours

CPU: total 6 (initial active 6) (6 cores per cpu, 1 threads per core) family 6 model 151 stepping 5 microcode 0x3b, cx8, cmov, fxsr, mmx, 3dnowpref, sse, sse2, sse3, ssse3, sse4.1, sse4.2, popcnt, lzcnt, tsc, tscinvbit, avx, avx2, aes, clmul, bmi1, bmi2, adx, sha, fma, vzeroupper, clflush, clflushopt, hv, rdtscp, f16c

Memory: 4k page, system-wide physical 8172M (2392M free)
TotalPageFile size 8172M (AvailPageFile size 22M)
current process WorkingSet (physical memory assigned to process): 1025M, peak: 1033M
current process commit charge ("private bytes"): 1059M, peak: 1064M

vm_info: OpenJDK 64-Bit Server VM (20.0.2+9-78) for windows-amd64 JRE (20.0.2+9-78), built on 2023-06-14T10:08:48Z by "mach5one" with MS VC++ 17.1 (VS2022)

END.
